Workbook

Sheet IMPT INFO
A1: CANONICAL PRICING WORKBOOK
A2: This file is used by the BB pricing app and internal Excel solvers.
A3: Do NOT create numbered versions.
A4: Version history is managed via storage.

Sheet Master Variety List
A1: Season | B1: Category | C1: Flower | D1: Retail Price | E1: Avg. WS Price | F1: Standard Deviation | G1: MVFC | H1: Potomac | I1: SP Guess | J1: USDA W/S | K1: Global Rose | L1: Danisa's | M1: Faire | N1: W/S Flowers.net | O1: MI FF | P1: Horst Flowers | Q1: ASCFG info | S1: retail markup = | T1: 0.5
A2: Summer/Fall | B2: 4 - Floater | C2: Ageratum | D2: =E2*(1+$T$1) -> 1.9425 | E2: =AVERAGE(G2:Q2) -> 1.295 | F2: =STDEV(G2:Q2) -> 0.0070710678 | G2: 1.3 | O2: 1.29
A3: Early Spring, Late Spring | B3: 4 - Floater | C3: Agrostemma | D3: =E3*(1+$T$1) -> 1.5 | E3: =AVERAGE(G3:Q3) -> 1 | F3: =STDEV(G3:Q3) -> #DIV/0! | I3: 1
A4: Late Spring | B4: 2 - Foundation | C4: Allium (S) | D4: =E4*(1+$T$1) -> 2.4 | E4: =AVERAGE(G4:Q4) -> 1.6 | F4: =STDEV(G4:Q4) -> #DIV/0! | O4: 1.6
A5: Late Spring | B5: 5 - Finisher | C5: Allium (M, L) | D5: =E5*(1+$T$1) -> 2.56875 | E5: =AVERAGE(G5:Q5) -> 1.7125 | F5: =STDEV(G5:Q5) -> 0.35677958 | H5: 1.5 | I5: 1.75 | L5: 1.4 | O5: 2.2
A6: Summer/Fall | B6: 5 - Finisher | C6: Amaranth | D6: =E6*(1+$T$1) -> 2.9125 | E6: =AVERAGE(G6:Q6) -> 1.9416667 | F6: =STDEV(G6:Q6) -> 0.56325542 | G6: 1.3 | H6: 1.71 | L6: 1.9 | N6: 1.95 | O6: 1.8 | P6: 2.99
A7: Early Spring | B7: 2 - Foundation | C7: Anemone | D7: =E7*(1+$T$1) -> 3.52875 | E7: =AVERAGE(G7:Q7) -> 2.3525 | F7: =STDEV(G7:Q7) -> 0.27158485 | H7: 1.95 | L7: 2.5 | O7: 2.43 | P7: 2.53
A8: Late Spring | B8: 2 - Foundation | C8: Astilbe - Dark Pink | D8: =E8*(1+$T$1) -> 2.9475 | E8: =AVERAGE(G8:Q8) -> 1.965 | F8: =STDEV(G8:Q8) -> 0.60737139 | G8: 1.1 | H8: 2.3 | L8: 2 | O8: 2.46
A9: Late Spring | B9: 5 - Finisher | C9: Astilbe - Dark Pink | D9: =E9*(1+$T$1) -> 2.9475 | E9: =AVERAGE(G9:Q9) -> 1.965 | F9: =STDEV(G9:Q9) -> 0.60737139 | G9: 1.1 | H9: 2.3 | L9: 2 | O9: 2.46
A10: Late Spring | B10: 5 - Finisher | C10: Astilbe - Pale Pink | D10: =E10*(1+$T$1) -> 2.85375 | E10: =AVERAGE(G10:Q10) -> 1.9025 | F10: =STDEV(G10:Q10) -> 0.795 | G10: 0.75 | H10: 2.4 | L10: 2 | O10: 2.46
A11: Late Spring | B11: 2 - Foundation | C11: Astilbe - Pale Pink | D11: =E11*(1+$T$1) -> 2.85375 | E11: =AVERAGE(G11:Q11) -> 1.9025 | F11: =STDEV(G11:Q11) -> 0.795 | G11: 0.75 | H11: 2.4 | L11: 2 | O11: 2.46
A12: Early Spring, Late Spring | B12: 4 - Floater | C12: Bachelor's Buttons | D12: =E12*(1+$T$1) -> 2.43 | E12: =AVERAGE(G12:Q12) -> 1.62 | F12: =STDEV(G12:Q12) -> 0.63895748 | G12: 1.1 | H12: 1.2 | L12: 2.5 | O12: 1.68
A13: Late Spring | B13: 6 - Foliage | C13: Baptisia (foliage) | D13: =E13*(1+$O$1) -> #VALUE! | E13: =AVERAGE(G13:Q13) -> 1.5 | F13: =STDEV(G13:Q13) -> #DIV/0! | O13: 1.5
A14: Late Spring | B14: 5 - Finisher | C14: Baptisia (flower) | D14: =E14*(1+$O$1) -> #VALUE! | E14: =AVERAGE(G14:Q14) -> 2.01 | F14: =STDEV(G14:Q14) -> #DIV/0! | O14: 2.01
A15: Summer/Fall | B15: 5 - Finisher | C15: Basil (flowering) | D15: =E15*(1+$T$1) -> 1.65 | E15: =AVERAGE(G15:Q15) -> 1.1 | F15: =STDEV(G15:Q15) -> #DIV/0! | I15: 1.1
A16: Summer/Fall | B16: 6 - Foliage | C16: Basil (foliage) | D16: =E16*(1+$T$1) -> 1.65 | E16: =AVERAGE(G16:Q16) -> 1.1 | F16: =STDEV(G16:Q16) -> #DIV/0! | I16: 1.1
A17: Late Spring | B17: 6 - Foliage | C17: Bells of Ireland | D17: =E17*(1+$T$1) -> 1.725 | E17: =AVERAGE(G17:Q17) -> 1.15 | F17: =STDEV(G17:Q17) -> 0.08660254 | H17: 1.1 | N17: 1.25 | P17: 1.1
A18: Late Spring | B18: 5 - Finisher | C18: Bells of Ireland | D18: =E18*(1+$T$1) -> 1.725 | E18: =AVERAGE(G18:Q18) -> 1.15 | F18: =STDEV(G18:Q18) -> 0.08660254 | H18: 1.1 | N18: 1.25 | P18: 1.1
A19: Summer/Fall | B19: 5 - Finisher | C19: Blueberry branch | D19: =E19*(1+$O$1) -> #VALUE! | E19: =AVERAGE(G19:Q19) -> 3.75 | F19: =STDEV(G19:Q19) -> #DIV/0! | O19: 3.75
A20: Summer/Fall | B20: 5 - Finisher | C20: Blackberry berries (unripe) | D20: =E20*(1+$T$1) -> 2.5875 | E20: =AVERAGE(G20:Q20) -> 1.725 | F20: =STDEV(G20:Q20) -> 0.31819805 | I20: 1.5 | O20: 1.95
A21: Late Spring | B21: 5 - Finisher | C21: Bleeding Heart | D21: =E21*(1+$T$1) -> 2.305 | E21: =AVERAGE(G21:Q21) -> 1.5366667 | F21: =STDEV(G21:Q21) -> 0.96256602 | G21: 0.75 | I21: 1.25 | O21: 2.61
A22: Summer/Fall | B22: 3 - Filler | C22: Brain Celosia | D22: =E22*(1+$T$1) -> 2.5 | E22: =AVERAGE(G22:Q22) -> 1.6666667 | F22: =STDEV(G22:Q22) -> 0.23094011 | G22: 1.4 | H22: 1.8 | I22: 1.8
A23: Late Spring | B23: 3 - Filler | C23: Bupleurum | D23: =E23*(1+$T$1) -> 2.125 | E23: =AVERAGE(G23:Q23) -> 1.4166667 | F23: =STDEV(G23:Q23) -> 0.38188131 | H23: 1 | N23: 1.5 | O23: 1.75
A24: Early Spring, Late Spring | B24: 4 - Floater | C24: Ranunculus, Butterfly | D24: =E24*(1+$T$1) -> 3.75 | E24: =AVERAGE(G24:Q24) -> 2.5 | F24: =STDEV(G24:Q24) -> 0.5 | H24: 3 | I24: 2 | L24: 2.5
A25: Early Spring, Late Spring | B25: 4 - Floater | C25: Calendula | D25: =E25*(1+$O$1) -> #VALUE! | E25: =AVERAGE(G25:Q25) -> 1.5 | F25: =STDEV(G25:Q25) -> #DIV/0! | O25: 1.5
A26: Late Spring, Summer/Fall | B26: 2 - Foundation | C26: Carnation | D26: =E26*(1+$O$1) -> #VALUE! | E26: =AVERAGE(G26:Q26) -> 0.864 | F26: =STDEV(G26:Q26) -> 0.23532956 | H26: 0.89 | J26: 0.63 | L26: 0.95 | N26: 1.2 | P26: 0.65
A27: Late Spring | B27: 5 - Finisher | C27: Campanula | D27: =E27*(1+$T$1) -> 2.51 | E27: =AVERAGE(G27:Q27) -> 1.6733333 | F27: =STDEV(G27:Q27) -> 0.41064989 | G27: 1.25 | H27: 1.7 | O27: 2.07
A28: Summer/Fall | B28: 3 - Filler | C28: Celosia -- Brain | D28: =E28*(1+$O$1) -> #VALUE! | E28: =AVERAGE(G28:Q28) -> 1.75 | F28: =STDEV(G28:Q28) -> #DIV/0! | I28: 1.75
A29: Summer/Fall | B29: 2 - Foundation | C29: Celosia -- Plume | D29: =E29*(1+$O$1) -> #VALUE! | E29: =AVERAGE(G29:Q29) -> 1.975 | F29: =STDEV(G29:Q29) -> 0.83416625 | G29: 1.4 | H29: 1.8 | L29: 3.2 | O29: 1.5
A30: Summer/Fall | B30: 3 - Filler | C30: Celosia -- Flamingo (spray) | D30: =E30*(1+$T$1) -> 2.325 | E30: =AVERAGE(G30:Q30) -> 1.55 | F30: =STDEV(G30:Q30) -> 0.17320508 | G30: 1.4 | H30: 1.8 | I30: 1.5 | O30: 1.5
A31: Late Spring | B31: 3 - Filler | C31: Clarkia | D31: =E31*(1+$O$1) -> #VALUE! | E31: =AVERAGE(G31:Q31) -> 1.86 | F31: =STDEV(G31:Q31) -> #DIV/0! | O31: 1.86
A32: Late Spring, Summer/Fall | B32: 5 - Finisher | C32: Clematis | D32: =E32*(1+$O$1) -> #VALUE! | E32: =AVERAGE(G32:Q32) -> 2.6666667 | F32: =STDEV(G32:Q32) -> 1.3316656 | H32: 2 | L32: 1.8 | O32: 4.2
A33: Summer/Fall | B33: 1 - Focal | C33: Chrysanthemum (L) | D33: =E33*(1+$O$1) -> #VALUE! | E33: =AVERAGE(G33:Q33) -> 1.65 | F33: =STDEV(G33:Q33) -> 0.6363961 | N33: 1.2 | O33: 2.1
A34: Summer/Fall | B34: 2 - Foundation | C34: Chrysanthemum (M or spray) | D34: =E34*(1+$O$1) -> #VALUE! | E34: =AVERAGE(G34:Q34) -> 1.55 | F34: =STDEV(G34:Q34) -> 0.77781746 | N34: 1 | O34: 2.1
A35: Summer/Fall | B35: 4 - Floater | C35: Cosmos | D35: =E35*(1+$T$1) -> 2.49 | E35: =AVERAGE(G35:Q35) -> 1.66 | F35: =STDEV(G35:Q35) -> 0.19697716 | G35: 1.6 | L35: 1.5 | O35: 1.88
A36: Late Spring, Summer/Fall | B36: 5 - Finisher | C36: Cress | D36: =E36*(1+$T$1) -> 1.95 | E36: =AVERAGE(G36:Q36) -> 1.3 | F36: =STDEV(G36:Q36) -> 0.28284271 | I36: 1.1 | O36: 1.5
A37: Early Spring | B37: 2 - Foundation | C37: Daffodil (single large flower) | D37: =E37*(1+$T$1) -> 2.37 | E37: =AVERAGE(G37:Q37) -> 1.58 | F37: =STDEV(G37:Q37) -> 0.32046841 | H37: 1.6 | I37: 1.25 | O37: 1.89
A38: Early Spring | B38: 3 - Filler | C38: Daffodil (spray form) | D38: =E38*(1+$T$1) -> 2.355 | E38: =AVERAGE(G38:Q38) -> 1.57 | F38: =STDEV(G38:Q38) -> 0.45254834 | I38: 1.25 | O38: 1.89
A39: Summer/Fall | B39: 2 - Foundation | C39: Daisy | D39: =E39*(1+$O$1) -> #VALUE! | E39: =AVERAGE(G39:Q39) -> 1.5 | F39: =STDEV(G39:Q39) -> #DIV/0! | O39: 1.5
A40: Summer/Fall | B40: 1 - Focal | C40: Dahlia (L) | D40: =E40*(1+$T$1) -> 6.15 | E40: =AVERAGE(G40:Q40) -> 4.1 | F40: =STDEV(G40:Q40) -> 0.36055513 | H40: 3.8 | L40: 4 | O40: 4.5
A41: Summer/Fall | B41: 2 - Foundation | C41: Dahlia (M) | D41: =E41*(1+$T$1) -> 4.51 | E41: =AVERAGE(G41:Q41) -> 3.0066667 | F41: =STDEV(G41:Q41) -> 0.59002825 | G41: 3 | L41: 2.42 | O41: 3.6
A42: Summer/Fall | B42: 2 - Foundation | C42: Dahlia (S) | D42: =E42*(1+$T$1) -> 4.95 | E42: =AVERAGE(G42:Q42) -> 3.3 | F42: =STDEV(G42:Q42) -> 0.42426407 | G42: 3 | O42: 3.6
A43: Late Spring, Summer/Fall | B43: 2 - Foundation | C43: Daucus / Dara | D43: =E43*(1+$T$1) -> 2 | E43: =AVERAGE(G43:Q43) -> 1.3333333 | F43: =STDEV(G43:Q43) -> 0.15275252 | G43: 1.3 | H43: 1.2 | N43: 1.5
A44: Late Spring, Summer/Fall | B44: 3 - Filler | C44: Daucus / Dara | D44: =E44*(1+$T$1) -> 2 | E44: =AVERAGE(G44:Q44) -> 1.3333333 | F44: =STDEV(G44:Q44) -> 0.15275252 | G44: 1.3 | H44: 1.2 | N44: 1.5
A45: Late Spring, Summer/Fall | B45: 4 - Floater | C45: Daucus / Dara, small | D45: =E45*(1+$T$1) -> 1.75 | E45: =AVERAGE(G45:Q45) -> 1.1666667 | F45: =STDEV(G45:Q45) -> 0.15275252 | G45: 1.3 | H45: 1.2 | I45: 1
A46: Late Spring, Summer/Fall | B46: 4 - Floater | C46: Dill | D46: =E46*(1+$O$1) -> #VALUE! | E46: =AVERAGE(G46:Q46) -> 1.68 | F46: =STDEV(G46:Q46) -> #DIV/0! | O46: 1.68
A47: Late Spring, Summer/Fall | B47: 5 - Finisher | C47: Delphinium | D47: =E47*(1+$T$1) -> 2.8875 | E47: =AVERAGE(G47:Q47) -> 1.925 | F47: =STDEV(G47:Q47) -> 0.38568122 | G47: 1.4 | H47: 1.95 | J47: 2.25 | L47: 2.2 | O47: 2.25 | P47: 1.5
A48: Late Spring | B48: 5 - Finisher | C48: Dogwood Branch | D48: =E48*(1+$T$1) -> 1.8 | E48: =AVERAGE(G48:Q48) -> 1.2 | F48: =STDEV(G48:Q48) -> 0.14142136 | G48: 1.1 | H48: 1.3
A49: Early Spring, Late Spring | B49: 3 - Filler | C49: Duetzia | D49: =E49*(1+$T$1) -> 1.875 | E49: =AVERAGE(G49:Q49) -> 1.25 | F49: =STDEV(G49:Q49) -> #DIV/0! | I49: 1.25
A50: Summer/Fall | B50: 2 - Foundation | C50: Thistle, Globe | D50: =E50*(1+$O$1) -> #VALUE! | E50: =AVERAGE(G50:Q50) -> 1.446 | F50: =STDEV(G50:Q50) -> 0.25510782 | H50: 1.3 | J50: 1.45 | N50: 1.7 | O50: 1.68 | P50: 1.1
A51: Summer/Fall | B51: 2 - Foundation | C51: Echinacea | D51: =E51*(1+$T$1) -> 1.5 | E51: =AVERAGE(G51:Q51) -> 1 | F51: =STDEV(G51:Q51) -> #DIV/0! | I51: 1
A52: Early Spring, Late Spring, Summer/Fall | B52: 6 - Foliage | C52: Boxwood | D52: =E52*(1+$O$1) -> #VALUE! | E52: =AVERAGE(G52:Q52) -> 1.5 | F52: =STDEV(G52:Q52) -> #DIV/0! | O52: 1.5
A53: Summer/Fall | B53: 6 - Foliage | C53: Eucalyptus | D53: =E53*(1+$T$1) -> 2.25 | E53: =AVERAGE(G53:Q53) -> 1.5 | F53: =STDEV(G53:Q53) -> 0.21602469 | G53: =14/10 -> 1.4 | N53: 1.3 | O53: 1.8 | P53: 1.5
A54: Early Spring, Late Spring | B54: 6 - Foliage | C54: Euonymous | D54: =E54*(1+$T$1) -> 2.2875 | E54: =AVERAGE(G54:Q54) -> 1.525 | F54: =STDEV(G54:Q54) -> 0.60104076 | G54: 1.1 | O54: 1.95
A55: Summer/Fall | B55: 4 - Floater | C55: Fennel | D55: =E55*(1+$T$1) -> 1.95 | E55: =AVERAGE(G55:Q55) -> 1.3 | F55: =STDEV(G55:Q55) -> #DIV/0! | G55: 1.3
A56: Late Spring | B56: 6 - Foliage | C56: Fern | D56: =E56*(1+$T$1) -> 2.025 | E56: =AVERAGE(G56:Q56) -> 1.35 | F56: =STDEV(G56:Q56) -> 0.68738635 | G56: 1.5 | O56: 1.95 | P56: 0.6
A57: Late Spring, Summer/Fall | B57: 3 - Filler | C57: Feverfew | D57: =E57*(1+$T$1) -> 1.99 | E57: =AVERAGE(G57:Q57) -> 1.3266667 | F57: =STDEV(G57:Q57) -> 0.31005376 | I57: 1.2 | N57: 1.1 | O57: 1.68
A58: Summer/Fall | B58: 5 - Finisher | C58: Frosted Explosion Grass | D58: =E58*(1+$T$1) -> 2.025 | E58: =AVERAGE(G58:Q58) -> 1.35 | F58: =STDEV(G58:Q58) -> 0.21213203 | G58: 1.2 | O58: 1.5
A59: Summer/Fall | B59: 3 - Filler | C59: Chinese Forget-Me-Not | D59: =E59*(1+$O$1) -> #VALUE! | E59: =AVERAGE(G59:Q59) -> 1.89 | F59: =STDEV(G59:Q59) -> #DIV/0! | O59: 1.89
A60: Early Spring | B60: 5 - Finisher | C60: Fruit branch (e.g., crabapple) | D60: =E60*(1+$T$1) -> 5.3625 | E60: =AVERAGE(G60:Q60) -> 3.575 | F60: =STDEV(G60:Q60) -> 1.5202796 | I60: 2.5 | O60: 4.65
A61: Late Spring, Summer/Fall | B61: 1 - Focal | C61: Rose, Garden (L) | D61: =E61*(1+$T$1) -> 6.095 | E61: =AVERAGE(G61:Q61) -> 4.0633333 | F61: =STDEV(G61:Q61) -> 2.0895055 | H61: 1.79 | O61: 4.5 | P61: 5.9
A62: Late Spring, Summer/Fall | B62: 2 - Foundation | C62: Rose, Garden (M) | D62: =E62*(1+$T$1) -> 2.685 | E62: =AVERAGE(G62:Q62) -> 1.79 | F62: =STDEV(G62:Q62) -> #DIV/0! | H62: 1.79
A63: Summer/Fall | B63: 6 - Foliage | C63: Geranium foliage | D63: =E63*(1+$T$1) -> 2.1 | E63: =AVERAGE(G63:Q63) -> 1.4 | F63: =STDEV(G63:Q63) -> 0.14142136 | G63: 1.5 | H63: 1.3
A64: Late Spring | B64: 4 - Floater | C64: Geum | D64: =E64*(1+$T$1) -> 2.0475 | E64: =AVERAGE(G64:Q64) -> 1.365 | F64: =STDEV(G64:Q64) -> 0.33234019 | G64: 1.13 | O64: 1.6
A65: Late Spring | B65: 3 - Filler | C65: Godetia | D65: =E65*(1+$T$1) -> 2.25 | E65: =AVERAGE(G65:Q65) -> 1.5 | F65: =STDEV(G65:Q65) -> #DIV/0! | I65: 1.5
A66: Summer/Fall | B66: 4 - Floater | C66: Gomphrena | D66: =E66*(1+$T$1) -> 1.8 | E66: =AVERAGE(G66:Q66) -> 1.2 | F66: =STDEV(G66:Q66) -> 0.36055513 | G66: 1.3 | H66: 0.8 | L66: 1.5
A67: Summer/Fall | B67: 3 - Filler | C67: Greek Oregano | D67: =E67*(1+$T$1) -> 1.8 | E67: =AVERAGE(G67:Q67) -> 1.2 | F67: =STDEV(G67:Q67) -> #DIV/0! | I67: 1.2
A68: Early Spring | B68: 3 - Filler | C68: Hellebore | D68: =E68*(1+$T$1) -> 4.05375 | E68: =AVERAGE(G68:Q68) -> 2.7025 | F68: =STDEV(G68:Q68) -> 0.82665491 | H68: 3.6 | I68: 2 | L68: 2 | O68: 3.21
A69: Early Spring, Late Spring, Summer/Fall | B69: 6 - Foliage | C69: Honeysuckle | D69: =E69*(1+$T$1) -> 1.95 | E69: =AVERAGE(G69:Q69) -> 1.3 | F69: =STDEV(G69:Q69) -> #DIV/0! | G69: 1.3
A70: Summer/Fall | B70: 5 - Finisher | C70: Kale (flowering) | D70: =E70*(1+$O$1) -> #VALUE! | E70: =AVERAGE(G70:Q70) -> 2.785 | F70: =STDEV(G70:Q70) -> 2.071851 | H70: 3.49 | L70: 1 | N70: 1.25 | O70: 5.4
A71: Summer/Fall | B71: 5 - Finisher | C71: Hops | D71: =E71*(1+$O$1) -> #VALUE! | E71: =AVERAGE(G71:Q71) -> 1.89 | F71: =STDEV(G71:Q71) -> #DIV/0! | O71: 1.89
A72: Summer/Fall | B72: 6 - Foliage | C72: Hibiscus (Mahogany Splendor) | D72: =E72*(1+$O$1) -> #VALUE! | E72: =AVERAGE(G72:Q72) -> 1.785 | F72: =STDEV(G72:Q72) -> 0.40305087 | I72: 1.5 | O72: 2.07
A73: Summer/Fall | B73: 3 - Filler | C73: Hypericum Berry | D73: =E73*(1+$O$1) -> #VALUE! | E73: =AVERAGE(G73:Q73) -> 1.2875 | F73: =STDEV(G73:Q73) -> 0.20155644 | I73: 1.5 | J73: 1.4 | N73: 1.2 | P73: 1.05
A74: Summer/Fall | B74: 5 - Finisher | C74: Hypericum Berry | D74: =E74*(1+$O$1) -> #VALUE! | E74: =AVERAGE(G74:Q74) -> 1.2875 | F74: =STDEV(G74:Q74) -> 0.20155644 | I74: 1.5 | J74: 1.4 | N74: 1.2 | P74: 1.05
A75: Summer/Fall | B75: 5 - Finisher | C75: Hyacinth bean | D75: =E75*(1+$T$1) -> 1.875 | E75: =AVERAGE(G75:Q75) -> 1.25 | F75: =STDEV(G75:Q75) -> #DIV/0! | I75: 1.25
A76: Summer/Fall | B76: 3 - Filler | C76: Hydrangea (M) | D76: =E76*(1+$T$1) -> 4.065 | E76: =AVERAGE(G76:Q76) -> 2.71 | F76: =STDEV(G76:Q76) -> 0.74542414 | G76: 2.5 | H76: 3.5 | I76: 2.5 | J76: 2.5 | L76: 3 | N76: 1.18 | O76: 3 | P76: 3.5
A77: Early Spring, Late Spring | B77: 4 - Floater | C77: Iceland poppy (small) | D77: =E77*(1+$T$1) -> 1.875 | E77: =AVERAGE(G77:Q77) -> 1.25 | F77: =STDEV(G77:Q77) -> #DIV/0! | I77: 1.25
A78: Summer/Fall | B78: 3 - Filler | C78: Indigo | D78: =E78*(1+$T$1) -> 1.65 | E78: =AVERAGE(G78:Q78) -> 1.1 | F78: =STDEV(G78:Q78) -> #DIV/0! | I78: 1.1
A79: Summer/Fall | B79: 4 - Floater | C79: Indigo | D79: =E79*(1+$T$1) -> 1.65 | E79: =AVERAGE(G79:Q79) -> 1.1 | F79: =STDEV(G79:Q79) -> #DIV/0! | I79: 1.1
A80: Summer/Fall | B80: 5 - Finisher | C80: Jewels of Opar (3x) | D80: =E80*(1+$T$1) -> 1.875 | E80: =AVERAGE(G80:Q80) -> 1.25 | F80: =STDEV(G80:Q80) -> 0.35355339 | I80: 1 | O80: 1.5
A81: Late Spring | B81: 2 - Foundation | C81: Larkspur | D81: =E81*(1+$T$1) -> 2.69 | E81: =AVERAGE(G81:Q81) -> 1.7933333 | F81: =STDEV(G81:Q81) -> 0.35795717 | H81: 1.4 | O81: 2.1 | P81: 1.88
A82: Late Spring | B82: 3 - Filler | C82: Lilac | D82: =E82*(1+$T$1) -> 5.385 | E82: =AVERAGE(G82:Q82) -> 3.59 | F82: =STDEV(G82:Q82) -> 0.57982756 | H82: 4 | O82: 3.18
A83: Late Spring | B83: 5 - Finisher | C83: Lilac | D83: =E83*(1+$T$1) -> 5.385 | E83: =AVERAGE(G83:Q83) -> 3.59 | F83: =STDEV(G83:Q83) -> 0.57982756 | H83: 4 | O83: 3.18
A84: Summer/Fall | B84: 2 - Foundation | C84: Lisianthus | D84: =E84*(1+$T$1) -> 3.7232143 | E84: =AVERAGE(G84:Q84) -> 2.4821429 | F84: =STDEV(G84:Q84) -> 0.5034701 | G84: =17.25/10 -> 1.725 | H84: 2.7 | I84: 2.5 | J84: 2.6 | L84: 2.8 | O84: 3.15 | P84: 1.9
A85: Late Spring, Summer/Fall | B85: 2 - Foundation | C85: Lupine | D85: =E85*(1+$T$1) -> 2.85 | E85: =AVERAGE(G85:Q85) -> 1.9 | F85: =STDEV(G85:Q85) -> 0.35 | G85: 1.55 | H85: 1.9 | O85: 2.25
A86: Summer/Fall | B86: 2 - Foundation | C86: Marigold | D86: =E86*(1+$T$1) -> 2.4375 | E86: =AVERAGE(G86:Q86) -> 1.625 | F86: =STDEV(G86:Q86) -> 0.1767767 | I86: 1.5 | O86: 1.75
A87: Early Spring, Late Spring, Summer/Fall | B87: 5 - Finisher | C87: Mint | D87: =E87*(1+$T$1) -> 2.0625 | E87: =AVERAGE(G87:Q87) -> 1.375 | F87: =STDEV(G87:Q87) -> 0.1767767 | G87: 1.25 | O87: 1.5
A88: Summer/Fall | B88: 5 - Finisher | C88: Mint (flowering) | D88: =E88*(1+$T$1) -> 1.65 | E88: =AVERAGE(G88:Q88) -> 1.1 | F88: =STDEV(G88:Q88) -> #DIV/0! | I88: 1.1
A89: Early Spring, Late Spring, Summer/Fall | B89: 6 - Foliage | C89: Mint (foliage) | D89: =E89*(1+$T$1) -> 1.5 | E89: =AVERAGE(G89:Q89) -> 1 | F89: =STDEV(G89:Q89) -> #DIV/0! | I89: 1
A90: Late Spring | B90: 3 - Filler | C90: Mock Orange | D90: =E90*(1+$T$1) -> 3.275 | E90: =AVERAGE(G90:Q90) -> 2.1833333 | F90: =STDEV(G90:Q90) -> 1.3604534 | G90: 1.3 | I90: 1.5 | O90: 3.75
A91: Late Spring, Summer/Fall | B91: 5 - Finisher | C91: Nandina berries | D91: =E91*(1+$T$1) -> 3.75 | E91: =AVERAGE(G91:Q91) -> 2.5 | F91: =STDEV(G91:Q91) -> #DIV/0! | I91: 2.5
A92: Early Spring, Late Spring | B92: 6 - Foliage | C92: Ninebark foliage | D92: =E92*(1+$O$1) -> #VALUE! | E92: =AVERAGE(G92:Q92) -> 1.96 | F92: =STDEV(G92:Q92) -> #DIV/0! | O92: 1.96
A93: Early Spring, Late Spring, Summer/Fall | B93: 6 - Foliage | C93: Nandina foliage | D93: =E93*(1+$T$1) -> 2.25 | E93: =AVERAGE(G93:Q93) -> 1.5 | F93: =STDEV(G93:Q93) -> #DIV/0! | I93: 1.5
A94: Early Spring, Late Spring | B94: 4 - Floater | C94: Nigella | D94: =E94*(1+$T$1) -> 2.65 | E94: =AVERAGE(G94:Q94) -> 1.7666667 | F94: =STDEV(G94:Q94) -> 0.25166115 | H94: 1.8 | L94: 2 | O94: 1.5
A95: Early Spring | B95: 2 - Foundation | C95: Orlaya | D95: =E95*(1+$T$1) -> 1.855 | E95: =AVERAGE(G95:Q95) -> 1.2366667 | F95: =STDEV(G95:Q95) -> 0.42193996 | G95: 1.1 | H95: 0.9 | O95: 1.71
A96: Early Spring, Late Spring, Summer/Fall | B96: 5 - Finisher | C96: Papyrus | D96: =E96*(1+$T$1) -> 1.6125 | E96: =AVERAGE(G96:Q96) -> 1.075 | F96: =STDEV(G96:Q96) -> 0.24748737 | G96: 1.25 | H96: 0.9
A97: Late Spring | B97: 1 - Focal | C97: Peony - Coral Charm | D97: =E97*(1+$T$1) -> 6.01875 | E97: =AVERAGE(G97:Q97) -> 4.0125 | F97: =STDEV(G97:Q97) -> 0.3705289 | G97: 4 | H97: 3.95 | L97: 4.5 | O97: 3.6
A98: Late Spring | B98: 1 - Focal | C98: Peony - Dark Pink | D98: =E98*(1+$T$1) -> 6.39375 | E98: =AVERAGE(G98:Q98) -> 4.2625 | F98: =STDEV(G98:Q98) -> 0.5878988 | G98: 4 | H98: 4.95 | L98: 4.5 | O98: 3.6
A99: Late Spring | B99: 1 - Focal | C99: Peony - Pale Pink/Blush | D99: =E99*(1+$T$1) -> 5.92875 | E99: =AVERAGE(G99:Q99) -> 3.9525 | F99: =STDEV(G99:Q99) -> 0.4665744 | G99: 4 | H99: 3.95 | L99: 4.5 | O99: 3.36
A100: Late Spring | B100: 1 - Focal | C100: Peony - Pink | D100: =E100*(1+$T$1) -> 5.4225 | E100: =AVERAGE(G100:Q100) -> 3.615 | F100: =STDEV(G100:Q100) -> 0.63945289 | G100: 3 | H100: 3.6 | L100: 4.5 | O100: 3.36
...

Sheet version info
A1: last updated | B1: added to Master List | C1: source date (if cited)
A2: USDA | B2: 2.7.2026 | C2: 46049
A3: Potomac w/s | B3: 2.7.2026
A4: Danisa's | B4: 2.7.2026
B5: 2.7.2026
A6: W/S Flowers.net | B6: 2.7.2026
A7: MI FF | B7: 2.7.2026 | C7: 45705
A8: Horst | B8: 2.7.2026

Sheet Averages
B2: Early Spring | C2: Late Spring | D2: Summer/Fall
A3: Focals
A4: Foundations
A5: Filler
A6: Floater
A7: Finisher
A8: Foliage

Sheet Early Spring
A1: Season | B1: (Multiple Items) | I1: total # of regular market bouquets desired = | J1: 30
A3: Row Labels | E3: Calculated quantity of flowers in bouquet | F3: total number of stems used | I3: average wholesale price for category | J3: Availability (# stems) | L3: # stems leftover
A4: 1 - Focal | C4: Early Spring | D4: =SUMPRODUCT(I4:I9, E4:E9) -> 22.894735 | E4: 3 | F4: =$J$1*E4 -> 90 | H4: focal | I4: =AVERAGEIFS('Master Variety List'!E:E, 'Master Variety List'!A:A, "*Early Spring*", 'Master Variety List'!B:B, "*Focal*") -> 2.5036667 | J4: 500 | L4: =J4-F4 -> 410 | M4: 3 | N4: 4 | O4: 3
A5: Tulip - Double | E5: 5 | F5: =$J$1*E5 -> 150 | H5: foundation | I5: =AVERAGEIFS('Master Variety List'!E:E, 'Master Variety List'!A:A, "*Early Spring*", 'Master Variety List'!B:B, "*Foundation*") -> 1.83875 | J5: 700 | L5: =J5-F5 -> 550 | M5: 8 | N5: 10 | O5: 12
A6: Tulip - French | E6: 1 | F6: =$J$1*E6 -> 30 | H6: filler | I6: =AVERAGEIFS('Master Variety List'!E:E, 'Master Variety List'!A:A, "*Early Spring*", 'Master Variety List'!B:B, "*Filler*") -> 1.6676042 | J6: 100 | L6: 100 | O6: 0
A7: Tulip - Regular | E7: 1 | F7: =$J$1*E7 -> 30 | H7: floater | I7: =AVERAGEIFS('Master Variety List'!E:E, 'Master Variety List'!A:A, "*Early Spring*", 'Master Variety List'!B:B, "*Float*") -> 1.5766667 | J7: 400 | L7: =J7-F7 -> 370 | N7: 1 | O7: 0
A8: 2 - Foundation | E8: 0 | F8: =$J$1*E8 -> 0 | H8: finisher | I8: =AVERAGEIFS('Master Variety List'!E:E, 'Master Variety List'!A:A, "*Early Spring*", 'Master Variety List'!B:B, "*Finisher*") -> 2.0083333 | J8: 25 | L8: =J8-F8 -> 25 | N8: 2 | O8: 2
A9: Anemone | E9: 2 | F9: =$J$1*E9 -> 60 | H9: foliage | I9: =AVERAGEIFS('Master Variety List'!E:E, 'Master Variety List'!A:A, "*Early Spring*", 'Master Variety List'!B:B, "*Foliage*") -> 1.4728571 | J9: 150 | L9: =J9-F9 -> 90 | M9: 2 | N9: 2 | O9: 2
A10: Hellebore
A11: Orlaya
A12: Poppy - Icelandic (M-L) | F12: 1. Fill in the cells in pink. Do NOT adjust any other values
A13: Ranunculus | F13: 2. Run "solver". Go to the "Data" tab.
A14: Daffodil (single large flower) | F14: 3. Click on cell D4-D9 (it is a merged cell)
A15: 3 - Filler | F15: 4. In the upper right, click on "Analysis Tools". Note: if you see "Solver" in the upper right, you can skip this step.
A16: Saponaria | F16: 5. Check the box for "Solver."
A17: Stock | F17: 6. Hit "Solve" in the lower right
A18: Daffodil (spray form)
A19: Duetzia | F19: FOCAL | G19: FOUNDATION | O19: FILLER | Q19: FLOATER | U19: FINISHER | W19: FOLIAGE
A20: Pieris | B20: Make this when… | C20: Never, Ever: | F20: tulip (large) | G20: small tulip | H20: anemone | I20: daffodil | J20: hellebore | K20: orlaya | L20: poppy | M20: Ranunculus | N20: Stock | O20: Daffodil Spray | P20: Saponaria | Q20: Agrostemma | R20: Bach Buttons | S20: small poppy | T20: Nigella | U20: Papyrus | V20: Mint | W20: Privet | X20: Euonymous
A21: 4 - Float | D21: Spring -- Light or Muted
A22: Agrostemma | D22: Peaches & Cream | E22: Warm: peach, cream, white | F22: Apricot Parrot, Super Parrot, Charming Beauty | G22: Clearwater | H22: White | I22: white, salmon | J22: white | K22: white | L22: peach, white | M22: Salmon, cream, white | N22: peach, white | O22: White | Q22: white | S22: peach, white, pale yellow | T22: white
A23: Bachelor's Buttons | D23: Easter Basket | E23: muted: pink, peach, yellow, pale purple | F23: Foxtrot, Apricot Parrot, Design Impression, Double Price, Charming Beauty, Blue Diamond | H23: Pastel Pink, Pastel Purple | I23: white, salmon | J23: pink | L23: peach, pale yellow, light pink | M23: Chamallow, Salmon, cream, purple jean | N23: peach, light pink, pale pale yellow, purple | O23: White | Q23: white | R23: pink | S23: Peach, light pink, pale yellow
A24: Iceland poppy (small) | D24: Sugar Plum Fairy | E24: Warm: Plum, purple, white | F24: Blue Diamond, Super Parrot, Double Price? | G24: Clearwater | H24: Pastel purple | I24: white | J24: purple | L24: white | M24: Purple Jean, Violet | N24: pale purple | Q24: purple | S24: white | T24: white
A25: Nigella | D25: Semi Precious | E25: muted pinks and purples | F25: Foxtrot, Pink Vision Parrot, Blue Diamond | H25: Pale blue, pale pink | I25: white | J25: pink | M25: Chamallow, Purple Jean | N25: pink | R25: light blue, pink | S25: Light pink | T25: blue
A26: 5 - Finisher | D26: Champagne Brunch | E26: Warm: Yellow, peach, pale pink, white/cream | F26: Foxtrot, Apricot Parrot, Design Impression, Super Parrot, Charming Beauty | G26: Clearwater | H26: White | I26: white | L26: peach, pale yellow, light pink | M26: Chamallow, Salmon, white, cream | N26: peach, light pink, pale yellow | Q26: white | S26: Peach, light pink, pale yellow | T26: white
A27: Mint | D27: Mellow Unicorn | E27: warm/cool mix: Pink, salmon, peach, blue/purple | F27: Foxtrot, blue diamond, Amazing Grace, Apricot Parrot, Design Impression, Pink Vision Parrot, Double Price | H27: Pastel pink or Pastel purple | I27: white, salmon | L27: peach, light pink | M27: Chamallow, Salmon | N27: peach, light pink, pale purple | R27: light blue, pink | S27: light pink, peach | T27: light blue
A28: Papyrus | D28: Butter, biscuits and Honey | E28: Warm: Pale Yellow, gold, white | F28: Charming Beauty, Super Parrot | G28: Clearwater | H28: White | I28: white | L28: pale yellow, white | M28: Cream, gold, white | N28: peach, pale yellow, white | O28: white | Q28: white | S28: Peach, pale yellow | T28: white
A29: 6 - Foliage
A30: Euonymous | D30: Spring -- Bright or Deep
A31: Honeysuckle | D31: Birthday cake | E31: Hot: pink, gold, orange, white | F31: Foxtrot, Amazing Grace, Dordogne, Pink Vision Parrot, Super Parrot, Yosemite | G31: Clearwater, Apricot Impression | H31: White | I31: white | L31: Pink, orange, bright yellow, white | M31: pink, gold, orange | N31: white, pink | Q31: white | R31: pink | S31: orange, pink, white, gold
A32: Privet | D32: Candy Crush | E32: Warm or cool: all pinks | F32: Foxtrot, Amazing Grace, Dordogne, Pink Vision Parrot, Avignon, Yosemite | H32: Bright pink | M32: Bonbon, Barby, Pink, Rose | N32: pink | Q32: white | R32: all pinks | S32: pink
A33: Nandina foliage | D33: Cover Grrl | E33: Cool or hot: Red, pinks | F33: Red Princess, Uncle Tom, Yosemite, Amazing Grace, Dordogne, Pink Vision Parrot, Avignon | H33: Red, Bright Pink | I33: none | L33: Pink | M33: Red, Bonbon, Barby, Pink, Rose | N33: pink | Q33: white | R33: pink | S33: pink
A34: Mint (foliage) | D34: Rainbow Sherbet | E34: Hot: peach, orange, pink, white | F34: Dordogne!!!Foxtrot, Menton, Amazing Grace, Avignon, Super Parrot | G34: Clearwater, Apricot Impression | I34: white, salmon | L34: Pink, orange, white | M34: Pink, Rose, Orange, White | N34: pink, white | Q34: white | R34: pink | S34: pink, orange | T34: white
A35: Grand Total | D35: Fruit Salad | E35: Cool or hot: bright multi | F35: Red Princess, Uncle Tom, Yosemite, Dordogne, Blue Diamond | G35: Apricot Impresion | H35: Red | I35: white | L35: pink, orange, bright yellow, white | M35: Bonbon, Barby, Pink, Rose, Red, Orange, Purple Jean | N35: pink | Q35: purple | R35: pink | S35: pink, orange, gold, white | T35: white
D36: Electric Unicorn | E36: Hot and Cool: pink, orange, blue/purple | F36: Yosemite, Foxtrot, Amazing Grace, Dordogne, Pink Vision Parrot, Avignon, Blue Diamond | G36: Apricot Impresion | H36: Blue | L36: pink, orange, white | M36: pink, rose, orange | N36: light purple, pink | R36: blue | S36: pink, light orange | T36: Blue
D37: Firecracker | E37: Hot: Red, bright pink, orange, gold | F37: Red Princess, Uncle Tom, Avignon!!, Yosemite, Amazing Grace, Dordogne | G37: Apricot Impresion | H37: Red, Bright pink | L37: yellow, orange | M37: Red, orange, gold | N37: warm pink | R37: pink | S37: orange, gold
D38: Northern Lights | E38: Cool: pink and blue | F38: Foxtrot, Amazing Grace, Pink Vision Parrot, Yosemite, Blue Diamond | H38: Dark Blue, Bright Pink | M38: Bonbon, Barby, Pink, Rose | N38: pink | R38: blue | S38: pink | T38: blue

Sheet Late Spring
A1: Season | B1: (Multiple Items) | J1: total # of regular market bouquets desired = | K1: 5
A3: Row Labels | F3: Calculated quantity of flowers in bouquet | G3: total number of stems used | J3: average wholesale price for category | K3: Availability (# stems) | M3: # stems leftover
A4: 1 - Focal | D4: Late Spring | E4: =SUMPRODUCT(F4:F9, J4:J9) -> 58.764747 | F4: 6 | G4: =$K$1*F4 -> 30 | I4: focal | J4: =AVERAGEIFS('Master Variety List'!E:E, 'Master Variety List'!A:A, "*Late Spring*", 'Master Variety List'!B:B, "*Focal*") -> 3.5614583 | K4: 500 | M4: =K4-G4 -> 470
A5: Delphinium | F5: 7.000022 | G5: =$K$1*F5 -> 35.00011 | I5: foundation | J5: =AVERAGEIFS('Master Variety List'!E:E, 'Master Variety List'!A:A, "*Late Spring*", 'Master Variety List'!B:B, "*Foundation*") -> 1.6612667 | K5: 1711 | M5: =K5-G5 -> 1675.9999
A6: Garden Rose | F6: 5 | G6: =$K$1*F6 -> 25 | I6: filler | J6: =AVERAGEIFS('Master Variety List'!E:E, 'Master Variety List'!A:A, "*Late Spring*", 'Master Variety List'!B:B, "*Filler*") -> 1.6491111 | K6: 264 | M6: =K6-G6 -> 239
A7: Peony - Coral Charm | F7: 6 | G7: =$K$1*F7 -> 30 | I7: floater | J7: =AVERAGEIFS('Master Variety List'!E:E, 'Master Variety List'!A:A, "*Late Spring*", 'Master Variety List'!B:B, "*Float*") -> 1.4819231 | K7: 83 | M7: =K7-G7 -> 53
A8: Peony - Dark Pink | F8: 0 | G8: =$K$1*F8 -> 0 | I8: finisher | J8: =AVERAGEIFS('Master Variety List'!E:E, 'Master Variety List'!A:A, "*Late Spring*", 'Master Variety List'!B:B, "*Finisher*") -> 1.7894792 | K8: 30 | M8: =K8-G8 -> 30
A9: Peony - Pale Pink/Blush | F9: 6 | G9: =$K$1*F9 -> 30 | I9: foliage | J9: =AVERAGEIFS('Master Variety List'!E:E, 'Master Variety List'!A:A, "*Late Spring*", 'Master Variety List'!B:B, "*Foliage*") -> 1.4383333 | K9: 1000 | M9: =K9-G9 -> 970
A10: Peony - Pink | F10: =SUM(F4:F9) -> 30.000022
A11: Peony - White
A12: 2 - Foundation | G12: 1. Fill in the cells in lavender. Do NOT adjust any other values
A13: Astilbe - Dark Pink | G13: 2. Run "solver". Go to the "Data" tab.
A14: Astilbe - Pale Pink | G14: 3. Click on cell D4-D9 (it is a merged cell)
A15: Campanula | G15: 4. In the upper right, click on "Analysis Tools". Note: if you see "Solver" in the upper right, you can skip this step.
A16: Garden Rose | G16: 5. Check the box for "Solver."
A17: Larkspur | G17: 6. Hit "Solve" in the lower right
A18: Lilac
A19: Lupine | F19: FOCAL | J19: FOUNDATION | V19: FILLER | AA19: FLOATER | AH19: FINISHER | AN19: FOLIAGE
A20: Poppy - Icelandic (M-L) | B20: Make this when… | C20: Never, Ever: | F20: Delphinium | G20: Peony | H20: Tulip | I20: Ranunculus | J20: Astilbe | K20: Campanula | L20: Rose | M20: Larkspur | N20: Lilac | O20: Lupine | P20: Poppy | Q20: Rudbeckia | R20: Fama Scabiosa | S20: Snapdragon | T20: Stock | U20: Feverfew | V20: Bupleurum | W20: Mockorange | X20: Statice | Y20: Yarrow | Z20: Saponaria | AA20: Agrostemma | AB20: Bachelor Button | AC20: Scabiosa | AD20: Geum | AE20: Iceland Poppy (S) | AF20: Nigella | AG20: Bleeding Heart | AH20: Papyrus | AI20: Fennel | AJ20: Allium | AK20: Dogwood | AL20: Honeysuckle | AM20: Mint | AN20: Euonymous | AO20: Snowball Foliage | AP20: Privet
A21: Queen Anne's / Ammi | D21: Late Spring
A22: Ranunculus | D22: Blushing Beauty | E22: salmon, pale pink, white/cream
A23: Rudbeckia | D23: Easter Basket | E23: pale multi
A24: Scabiosa (Fama) | B24: the hellebores and the purple ranunculus overlap | D24: Sugar Plum Fairy | E24: Plum, purple, white
A25: Snapdragon (L) | D25: Champagne Brunch | E25: Yellow, peach, blush, white/cream
A26: Snapdragon (S) | D26: Mellow Unicorn | E26: Pink, salmon, peach, soft yellow, blue/purple
A27: 3 - Filler | D27: Butter, biscuits and Honey | E27: Warm: Pale Yellow, gold, white
A28: Bupleurum | D28: Semi Precious | E28: muted pinks and purples
A29: Feverfew | D29: Late Spring
A30: Mock Orange | D30: Birthday cake | E30: pink, yellow, orange
A31: Saponaria | D31: Candy Crush | E31: pink
A32: Statice | C32: add white | D32: Cover Grrl | E32: Red, pink,
A33: Stock | D33: Rainbow Sherbet | E33: peach, orange, pink, white
A34: Yarrow | C34: add white | D34: Firecracker | E34: Red, bright pink, orange, gold
A35: Godetia | B35: the Coral Charm peonies and Rudbeckia overlap | D35: Sunkissed | E35: Salmon and Gold | F35: No | G35: Coral Charm | H35: Apricot, Salmon | I35: Dark Salmon, Gold | J35: Dark Pink | K35: No | L35: Apricot, Salmon | M35: No | N35: No | O35: Red | P35: Peach, coral | Q35: Goldilocks, any gold | R35: No | S35: No | T35: Stox Champagne | U35: mini daisy | V35: Yes | W35: No | X35: No | Y35: No | Z35: Peach | AA35: No | AB35: No | AC35: No | AD35: peach | AE35: Coral, peach | AF35: No | AG35: yes | AH35: Yes | AI35: Yes | AJ35: No | AK35: No | AL35: Yes | AM35: Yes | AN35: Yes | AO35: Yes | AP35: Yes | AQ35: Yes
A36: Duetzia
A37: 4 - Float
A38: Agrostemma
A39: Bachelor's Buttons
A40: Geum
A41: Iceland poppy (small)
A42: Nigella
A43: Scabiosa
A44: Verbena
A45: 5 - Finisher
A46: Allium
A47: Bells of Ireland
... A68: Grand Total

Sheet Summer
A1: Season | B1: (Multiple Items) | J1: total # of regular market bouquets desired = | K1: 50
A3: Row Labels | F3: Calculated quantity of flowers in bouquet | G3: total number of stems used | J3: average wholesale price for category | K3: Availability (# stems) | O3: # stems leftover
A4: 1 - Focal | D4: Summer | E4: =SUMPRODUCT(J4:J9, F4:F9) -> 39.527725 | F4: 3 | G4: =$K$1*F4 -> 150 | I4: focal | J4: =AVERAGEIFS('Master Variety List'!E:E, 'Master Variety List'!A:A, "*Summer*", 'Master Variety List'!B:B, "*Focal*") -> 2.6453333 | K4: 500 | O4: =K4-G4 -> 350
A5: Dahlia (L) | F5: 10 | G5: =$K$1*F5 -> 500 | I5: foundation | J5: =AVERAGEIFS('Master Variety List'!E:E, 'Master Variety List'!A:A, "*Summer*", 'Master Variety List'!B:B, "*Foundation*") -> 1.6591883 | K5: 2000 | O5: =K5-G5 -> 1500
A6: Delphinium FINISHER! | F6: 3 | G6: =$K$1*F6 -> 150 | I6: filler | J6: =AVERAGEIFS('Master Variety List'!E:E, 'Master Variety List'!A:A, "*Summer*", 'Master Variety List'!B:B, "*Filler*") -> 1.6082895 | K6: 500 | O6: =K6-G6 -> 350
A7: Garden Rose | F7: 3 | G7: =$K$1*F7 -> 150 | I7: float | J7: =AVERAGEIFS('Master Variety List'!E:E, 'Master Variety List'!A:A, "*Summer*", 'Master Variety List'!B:B, "*Float*") -> 1.3608333 | K7: 500 | O7: =K7-G7 -> 350
A8: Sunflower (M-L) | F8: 1 | G8: =$K$1*F8 -> 50 | I8: finisher | J8: =AVERAGEIFS('Master Variety List'!E:E, 'Master Variety List'!A:A, "*Summer*", 'Master Variety List'!B:B, "*Finisher*") -> 1.7747807 | K8: 50 | O8: =K8-G8 -> 0
A9: Zinnia (XL) | F9: 3 | G9: =$K$1*F9 -> 150 | I9: foliage | J9: =AVERAGEIFS('Master Variety List'!E:E, 'Master Variety List'!A:A, "*Summer*", 'Master Variety List'!B:B, "*Foliage*") -> 1.4392308 | K9: 150 | O9: =K9-G9 -> 0
A10: 2 - Foundation
A11: Celosia
A12: Dahlia (M) | G12: 1. Fill in the cells in yellow. Do NOT adjust any other values
A13: Dahlia (S) | G13: 2. Run "solver". Go to the "Data" tab.
A14: Echinacea | G14: 3. Click on cell D4-D9 (it is a merged cell)
A15: Garden Rose | G15: 4. In the upper right, click on "Analysis Tools". Note: if you see "Solver" in the upper right, you can skip this step.
A16: Lisianthus | G16: 5. Check the box for "Solver."
A17: Lupine | G17: 6. Hit "Solve" in the lower right | M17: Echo White | N17: Corelli Apricot | P17: Nightengale (deep pink)
A18: Queen Anne's / Ammi | M18: Chroma Yellow | N18: Corelli Rose (med pink) | P18: Doublini (white)
A19: Rudbeckia | M19: Voyage (lt. apricot) | N19: Celeb Madonna (lt + med. pink) | P19: Blue??
A20: Scabiosa (Fama) | F20: FOCAL | J20: FOUNDATION | V20: FILLER | AA20: FLOATER | AG20: FINISHER | AM20: FOLIAGE
A21: Snapdragon (L) | B21: Make this when… | C21: Never, Ever: | F21: Delphinium | G21: Sunflower | H21: Zinnia (XL) | I21: Dahlia | J21: Sunflower (S) | K21: Zinnia (M) | L21: Plume Celosia | M21: Echinacea | N21: Lisianthus | O21: Lupine | P21: Rudbeckia | Q21: Fama Scabiosa | R21: Snapdragon | S21: Strawflower | T21: Marigold | U21: Daisy | V21: Feverfew | W21: Brain Celosia | X21: Hydrangea | Y21: Statice | Z21: Yarrow | AA21: Ageratum | AB21: Cosmos | AC21: Gomphrena | AD21: Scabiosa | AE21: Verbena | AF21: Zinnia (XS) | AG21: Amaranth | AH21: Papyrus | AI21: Fennel | AJ21: Frosted Explosion | AK21: Jewels of Opar | AL21: Honeysuckle | AM21: Geranium | AN21: Raspberry | AO21: Snowball Foliage | AP21: Eucalyptus
A22: Snapdragon (S) | D22: Summer Light
A23: Strawflower | C23: cream Chamallow | D23: Semi Precious | E23: muted pinks and purples | F23: No | G23: No | H23: Lt. pink, Benary lilac | I23: CAL, RRA, Lavenders | J23: No | K23: Pink, lilac, QLR | L23: Pinks | M23: No | N23: Celeb Madonna, Nightengale, Light purple | O23: peach, white | P23: No | Q23: No | R23: Pink | S23: Pink | T23: No | U23: No | V23: No | W23: No | X23: Pink, warm purple | Y23: Rose | Z23: Cool pink | AA23: No | AB23: Cupcake Pink | AC23: Light purple | AD23: Medium Pink | AE23: Yes | AF23: No | AG23: No | AH23: Yes | AI23: No | AJ23: Yes | AK23: No | AL23: Yes | AM23: Yes | AN23: Yes | AO23: Yes | AP23: Yes
A24: Zinnia (M-L) | D24: Butter, Biscuits & Honey | E24: pale multi | F24: White | G24: White Lite, White Nite, Orange | H24: Golden Hour | I24: White, Cornel Bronze | J24: White Lite, White Nite, Gold | K24: Golden Hour, Creamy Yellow, QLO, QLP | L24: No | M24: Yellow | N24: Cream (Yellow), White | O24: No | P24: Goldilocks | Q24: White | R24: White | S24: No | T24: Pale Yellow | U24: Yes | V24: Yes | W24: Gold | X24: Limelight | Y24: No | Z24: No | AA24: No | AB24: White | AC24: No | AD24: Cream, White | AE24: No | AF24: Gold | AG24: Gold | AH24: Yes | AI24: Yes | AJ24: Yes | AK24: No | AL24: Yes | AM24: Yes | AN24: Yes | AO24: Yes | AP24: No
A25: Marigold | D25: Champagne Brunch | E25: Light pink, peach, cream | F25: No | G25: White Lite, White Nite | H25: Pale Pink, Light Salmon, Golden Hour | I25: CAL, RRA, peach | J25: White Lite, White Nite | K25: Pale Pink, Light Salmon, Golden Hour, QLO, QLP | L25: Gold, soft pink | M25: Yellow, Peach | N25: Champagne, Light Pink, Apricot, Cream (Yellow) | O25: No | P25: No | Q25: No | R25: Light Pink, White | S25: Apricot | T25: Pale Yellow | U25: Yes | V25: Yes | W25: Gold | X25: Limelight | Y25: No | Z25: Peach | AA25: No | AB25: White | AC25: No | AD25: Cream, White, Light Pink | AE25: No | AF25: Light Salmon | AG25: Gold | AH25: Yes | AI25: No | AJ25: Yes | AK25: Yes | AL25: Yes | AM25: Yes | AN25: Yes | AO25: Yes | AP25: Yes
A26: Thistle | B26: Oklahoma salmon zinnias are available | D26: Mellow Unicorn | E26: Pink, salmon, blue | F26: Lt. Blue | G26: No | H26: Pink, Light Salmon | I26: other clear pink, salmon | K26: Oklahoma Salmon, Oklahoma Pink | L26: Medium Pink (not fuschia) | M26: Salmon | N26: Champagne, Pink, Apricot | O26: Blue (light) | P26: No | Q26: Blue | R26: Pink, Orange? | S26: Pink, Orange, Salmon | T26: No | U26: No | V26: Yes | W26: No | X26: Blue, pink | Y26: Rose, light blue | Z26: Medium Pink | AA26: Yes | AB26: No | AC26: No | AD26: Blue | AE26: No | AF26: Salmon, pink | AG26: No | AH26: Yes | AI26: No | AJ26: Yes | AK26: Yes | AL26: Yes | AM26: Yes | AN26: Yes | AO26: Yes | AP26: Yes
A27: 2 -Foundation | B27: Nightengale lisis are available | D27: Rose All Day | E27: muted pink | F27: No | G27: No | H27: pale pinks | I27: CAL, RRA | J27: No | K27: pale pinks, QLR | L27: No | M27: No | N27: Pink, Nightengale | O27: No | P27: No | Q27: No | R27: pale pink | S27: Pink | T27: No | U27: No | V27: No | W27: No | X27: Pink | Y27: Rose | Z27: Pink | AA27: No | AB27: Cupcake Pink | AC27: No | AD27: Pink | AE27: No | AF27: No | AG27: Burgundy | AH27: Yes | AI27: No | AJ27: Yes | AK27: Yes | AL27: Yes | AM27: Yes | AN27: Yes | AO27: Yes | AP27: Yes
A28: Sunflower (S) | D28: Summer Bright
A29: 3 - Filler | D29: Birthday cake | E29: pink, gold, orange, white | F29: White | G29: Orange | H29: Benary Bright Pink, Benary Orange | I29: Doris Duke, other clear pink, orange | J29: Orange | K29: Bright Pink, Orange, Gold | L29: Bright pink (not purple-y), orange | M29: Bright gold | N29: White, Corelli Rose? | O29: Red | P29: Goldilocks | Q29: White | R29: Pink, orange, white | S29: Pink, orange | T29: Orange | U29: yes | V29: Yes | W29: Pink, Orange | X29: Limelight | Y29: No | Z29: Pink | AA29: No | AB29: White | AC29: Bright Pink, Orange | AD29: White, pink | AE29: No | AF29: Bright Pink, Orange, Gold | AG29: No | AH29: Yes | AI29: Yes | AJ29: Yes | AK29: No | AL29: Yes | AM29: Yes | AN29: Yes | AO29: Yes | AP29: No
A30: Feverfew | D30: Electric Unicorn | E30: pink, Coral, blue | F30: Blue | G30: No | H30: Benary Bright Pink, Coral, bright salmon | I30: Doris Duke, other clear pink, salmon | J30: No | K30: Pink, Coral | L30: Bright pink (not purple-y), orange, salmon | M30: Salmon | N30: pink, light blue | O30: Blue | P30: No | Q30: Blue | R30: pink, orange? | S30: Pink, coral, orange | T30: No | U30: No | V30: No | W30: Pink | X30: Blue | Y30: Blue | Z30: Pink, Coral | AA30: Yes | AB30: No | AC30: No | AD30: Pink, blue | AE30: No | AF30: Pink, Coral, Gold | AG30: No | AH30: Yes | AI30: No | AJ30: Yes | AK30: No | AL30: Yes | AM30: Yes | AN30: Yes | AO30: Yes | AP30: No
A31: Greek Oregano | C31: add white | D31: Cover Grrl | E31: Red, pink, | F31: No | G31: No | H31: Benary Bright Pink, all pinks, Benary Red | I31: Cornel, Doris Duke, Magenta Tubular, other clear pink | J31: No | K31: All pinks, Benary Red | L31: All pinks, Red | M31: pink | N31: all pinks | O31: red | P31: No | Q31: No | R31: Pink, red | S31: Pink | T31: No | U31: No | V31: No | W31: Pink, Red | X31: Pink | Y31: Rose | Z31: Pink | AA31: No | AB31: No | AC31: Red | AD31: pink | AE31: No | AF31: All pinks | AG31: No | AH31: Yes | AI31: No | AJ31: Yes | AK31: No | AL31: Yes | AM31: Yes | AN31: Yes | AO31: Yes | AP31: No
A32: Hydrangea (M) | D32: Rainbow Sherbet | E32: peach, orange, pink, white | F32: No | G32: No | H32: Pinks, orange | I32: orange, Doris Duke, other clear pink | J32: No | K32: Pink, orange | L32: Bright pink (not purple-y), orange | M32: No | N32: pink, white | O32: No | P32: No | Q32: White | R32: Pink, orange, white | S32: pink, orange | T32: Orange | U32: No | V32: Yes | W32: Pink | X32: Limelight | Y32: No | Z32: Pink | AA32: No | AB32: White | AC32: Orange | AD32: White, pink | AE32: No | AF32: Pink, orange | AG32: No | AH32: Yes | AI32: No | AJ32: Yes | AK32: No | AL32: Yes | AM32: Yes | AN32: Yes | AO32: Yes | AP32: Yes
A33: Statice | C33: add white | D33: Firecracker | E33: Red, bright pink, orange, purple | F33: No | G33: No | H33: Benary Bright pink, Benary orange, Benary purple, Benary red | I33: Purple-pink spiky, Hula, Thomas Edison, Purple Keeper, Magenta Tubular, Cornel, Fabulous | J33: No | K33: Bright pink, Bright orange, purple, red | L33: Bright pink, red, orange, purple | M33: No | N33: Nightengale, Arena Red | O33: Red | P33: No | Q33: No | R33: bright pink, orange, red, purple | S33: burgundy, orange | T33: Orange | U33: No | V33: No | W33: Pink, Red, Purple | X33: No | Y33: purple | Z33: Pink, Coral | AA33: No | AB33: dark purple, | AC33: Dark Purple, Bright pink, Red, Orange | AD33: No | AE33: Yes | AF33: No | AG33: Burgundy | AH33: Yes | AI33: No | AJ33: Yes | AK33: Yes | AL33: Yes | AM33: Yes | AN33: Yes | AO33: Yes | AP33: Yes
A34: Yarrow | C34: add white | D34: Campfire | E34: Red, bright pink, orange, burgundy | F34: No | G34: No | H34: Benary Bright pink, Benary orange, Benary burgundy, Benary red | I34: SP Burgundy, Cornel, Orange, Magenta Tubular, Fabulous | J34: No | K34: Bright pink, Bright orange, burgundy, red | L34: Bright pink, red, orange, burgundy | M34: No | N34: Nightengale, Arena Red | O34: Red | P34: No | Q34: No | R34: bright pink, orange, red | S34: burgundy, orange | T34: Orange | U34: No | V34: No | W34: Red, Burgundy | X34: No | Y34: No | Z34: Pink, Coral | AA34: No | AB34: Rubenza | AC34: Red, Orange | AD34: Burgundy | AE34: No | AF34: No | AG34: Burgundy | AH34: Yes | AI34: No | AJ34: Yes | AK34: Yes | AL34: Yes | AM34: Yes | AN34: Yes | AO34: Yes | AP34: Yes
A35: Brain Celosia | D35: Sugar Plum Fairy | E35: lavender, cream, purple, purple-pink | F35: No | G35: No | H35: Benary Lilac, Benary Purple | I35: lavenders, spiky pink-purple, Hula, Purple Keeper, Magenta Tubular, Thomas Edison | J35: No | K35: Lilac, Purple | L35: Purples | M35: No | N35: light blue | O35: No | P35: No | Q35: No | R35: purple | S35: Burgundy | T35: No | U35: No | V35: No | W35: Purple | X35: Pinky-purple | Y35: purple | Z35: cool pink | AA35: No | AB35: lilac, purple | AC35: light purple, dark purple | AD35: No | AE35: Yes | AF35: No | AG35: No | AH35: Yes | AI35: No | AJ35: Yes | AK35: No | AL35: Yes | AM35: Yes | AN35: Yes | AO35: Yes | AP35: Yes
A36: Indigo | B36: Oklahoma salmon zinnias and Rudbeckia overlap | D36: Sunkissed | E36: Salmon and Gold | F36: No | G36: Orange | H36: Benary | I36: Robin Hood, Rose Toscano | J36: Orange | K36: Oklahoma Salmon | L36: No | M36: Gold | N36: Apricot | O36: No | P36: Goldilocks | Q36: No | R36: No | S36: Apricot | T36: No | U36: Yes | V36: Yes | W36: Gold | X36: Pink | Y36: No | Z36: Peach | AA36: No | AB36: No | AC36: No | AD36: No | AE36: No | AF36: Salmon | AG36: No | AH36: Yes | AI36: Yes | AJ36: Yes | AK36: Yes | AL36: Yes | AM36: Yes | AN36: Yes | AO36: Yes | AP36: Yes
A37: 4 - Float
A38: Ageratum
A39: Cosmos | D39: Stems/bouquet | F39: 1 | G39: 1 | H39: 1 | J39: 2 | K39: 1 | L39: 1 | M39: 2 | N39: 0.5 | O39: 0.5 | P39: 1 | Q39: 2 | R39: 1 | S39: 0.5 | U39: 0.5 | V39: 0.5 | W39: 1 | X39: 0.5 | Y39: 0.5 | Z39: 0.25 | AA39: 0.5 | AB39: 0.25 | AC39: 1 | AD39: 0.5
A40: Gomphrena | AA40: white only
A41: Scabiosa | D41: things we don't need much of with this color palette | G41: purple cosmos
A42: Scabiosa Pod
A43: Verbena
A44: Zinnia (XS)
A45: Thistle
A46: Indigo
A47: 5 - Filler
A48: Feverfew
A49: 5 - Finisher
A50: Amaranth
A51: Delphinium FINISHER!
A52: Fennel
A53: Frosted Explosion Grass
... A73: Grand Total

Sheet Fall
A1: Season | B1: (Multiple Items) | I1: total # of regular market bouquets desired = | J1: 50 | L1: total # of large bouquets desired | M1: 10 | O1: total # of small bouquets desired | P1: 10
O2: =MIN($D$24) -> 55.962819
A3: Row Labels | F3: 1. Fill in the cells in orange. Do NOT adjust any other values | O3: =COUNT($E$24:$E$29) -> 6
A4: 1 - Focal | F4: 2. Run "solver". Go to the "Data" tab. | O4: =$D$24<=37 -> FALSE
A5: Dahlia (L) | F5: 3. Click on cell D13-D18 (it is a merged cell) | O5: =$D$24>=34.5 -> TRUE
A6: Delphinium | F6: 4. In the upper right, click on "Analysis Tools". Note: if you see "Solver" in the upper right, you can skip this step. | O6: =$E$24<=3 -> FALSE
A7: Garden Rose | F7: 5. Check the box for "Solver." | O7: =$E$24>=2 -> TRUE
A8: Sunflower (M-L) | F8: 6. Hit "Solve" in the lower right | O8: {=$E$24:$E$29=INT($E$24:$E$29)} -> TRUE
A9: Zinnia (XL) | O9: =$E$25>=3 -> TRUE
A10: 2 - Foundation | O10: =$E$26<=2 -> FALSE
A11: Celosia | O11: =$E$26>=1 -> TRUE
A12: Dahlia (M) | B12: Regular ($30 wholesale) Bouquets | E12: Calculated quantity of flowers in bouquet | F12: total number of stems used | I12: average wholesale price for category | J12: Availability (# stems) | L12: # stems leftover | O12: =$E$27=3 -> FALSE
A13: Dahlia (S) | C13: Fall | D13: =SUMPRODUCT(E13:E18, I13:I18) -> 34.883142 | E13: 3 | F13: =$M$1*E13 -> 30 | H13: focal | I13: =AVERAGEIFS('Master Variety List'!E:E, 'Master Variety List'!A:A, "*Fall*", 'Master Variety List'!B:B, "*Focal*") -> 2.6453333 | J13: 400 | L13: =J13-F13 -> 370 | O13: =$E$28>=1 -> TRUE
A14: Echinacea | E14: 7 | F14: =$M$1*E14 -> 70 | H14: foundation | I14: =AVERAGEIFS('Master Variety List'!E:E, 'Master Variety List'!A:A, "*Fall*", 'Master Variety List'!B:B, "*Foundation*") -> 1.6591883 | J14: 400 | L14: =J14-F14 -> 330 | O14: =$E$29=3 -> FALSE
A15: Garden Rose | E15: 1 | F15: =$M$1*E15 -> 10 | H15: filler | I15: =AVERAGEIFS('Master Variety List'!E:E, 'Master Variety List'!A:A, "*Fall*", 'Master Variety List'!B:B, "*Filler*") -> 1.6082895 | J15: 120 | L15: =J15-F15 -> 110 | O15: =$F$24<=$J$24 -> TRUE
A16: Lisianthus | E16: 3 | F16: =$M$1*E16 -> 30 | H16: float | I16: =AVERAGEIFS('Master Variety List'!E:E, 'Master Variety List'!A:A, "*Fall*", 'Master Variety List'!B:B, "*Float*") -> 1.3608333 | J16: 200 | L16: =J16-F16 -> 170 | O16: =$F$25<=$J$25 -> TRUE
A17: Queen Anne's / Ammi | E17: 3 | F17: =$M$1*E17 -> 30 | H17: finisher | I17: =AVERAGEIFS('Master Variety List'!E:E, 'Master Variety List'!A:A, "*Fall*", 'Master Variety List'!B:B, "*Finisher*") -> 1.7747807 | J17: 250 | L17: =J17-F17 -> 220 | O17: =$F$26<=$J$26 -> TRUE
A18: Snapdragon (L) | E18: 3 | F18: =$M$1*E18 -> 30 | H18: foliage | I18: =AVERAGEIFS('Master Variety List'!E:E, 'Master Variety List'!A:A, "*Fall*", 'Master Variety List'!B:B, "*Foliage*") -> 1.4392308 | J18: 300 | L18: =J18-F18 -> 270 | O18: =$F$27<=$J$27 -> TRUE
A19: Snapdragon (S) | O19: =$F$28<=$J$28 -> TRUE
A20: Strawflower | O20: =$F$29<=$J$29 -> TRUE
A21: Zinnia (M-L) | O21: ={32767,32767,0.000001,0.01,FALSE,FALSE,TRUE,1,1,1,0.0001,TRUE} -> 32767
A22: Marigold | O22: ={0,0,0,100,0,FALSE,TRUE,0.075,0,0,FALSE,30} -> 0
A23: Thistle | B23: Large ($50 wholesale) Bouquets | E23: Calculated quantity of flowers in bouquet | F23: total number of stems used | I23: average wholesale price for category | J23: Availability (# stems) | L23: # stems leftover
A24: 2 -Foundation | C24: Fall | D24: =SUMPRODUCT(I24:I29, E24:E29) -> 55.962819 | E24: 5 | F24: =$M$1*E24 -> 50 | H24: focal | I24: =AVERAGEIFS('Master Variety List'!E:E, 'Master Variety List'!A:A, "*Fall*", 'Master Variety List'!B:B, "*Focal*") -> 2.6453333 | J24: =L13 -> 370 | L24: =J24-F24 -> 320
A25: Sunflower (S) | E25: 11 | F25: =$M$1*E25 -> 110 | H25: foundation | I25: =AVERAGEIFS('Master Variety List'!E:E, 'Master Variety List'!A:A, "*Fall*", 'Master Variety List'!B:B, "*Foundation*") -> 1.6591883 | J25: =L14 -> 330 | L25: =J25-F25 -> 220
A26: 3 - Filler | E26: 3 | F26: =$M$1*E26 -> 30 | H26: filler | I26: =AVERAGEIFS('Master Variety List'!E:E, 'Master Variety List'!A:A, "*Fall*", 'Master Variety List'!B:B, "*Filler*") -> 1.6082895 | J26: =L15 -> 110 | L26: =J26-F26 -> 80
A27: Greek Oregano | E27: 5 | F27: =$M$1*E27 -> 50 | H27: float | I27: =AVERAGEIFS('Master Variety List'!E:E, 'Master Variety List'!A:A, "*Fall*", 'Master Variety List'!B:B, "*Float*") -> 1.3608333 | J27: =L16 -> 170 | L27: =J27-F27 -> 120
A28: Hydrangea (M) | E28: 4 | F28: =$M$1*E28 -> 40 | H28: finisher | I28: =AVERAGEIFS('Master Variety List'!E:E, 'Master Variety List'!A:A, "*Fall*", 'Master Variety List'!B:B, "*Finisher*") -> 1.7747807 | J28: =L17 -> 220 | L28: =J28-F28 -> 180
A29: Statice | E29: 4 | F29: =$M$1*E29 -> 40 | H29: foliage | I29: =AVERAGEIFS('Master Variety List'!E:E, 'Master Variety List'!A:A, "*Fall*", 'Master Variety List'!B:B, "*Foliage*") -> 1.4392308 | J29: =L18 -> 270 | L29: =J29-F29 -> 230
A30: Brain Celosia
A31: Indigo
A32: 4 - Float
A33: Ageratum | B33: Small ($20 wholesale) Bouquets | E33: Calculated quantity of flowers in bouquet | F33: total number of stems used | I33: average price for category | J33: Availability (# stems) | L33: # stems leftover
A34: Cosmos | C34: Fall | D34: =SUMPRODUCT(E34:E39, I34:I39) -> 21.882017 | E34: 1 | F34: =$P$1*E34 -> 10 | H34: focal | I34: =AVERAGEIFS('Master Variety List'!E:E, 'Master Variety List'!A:A, "*Fall*", 'Master Variety List'!B:B, "*Focal*") -> 2.6453333 | J34: =L24 -> 320 | L34: =J34-F34 -> 310
A35: Gomphrena | E35: 7 | F35: =$P$1*E35 -> 70 | H35: foundation | I35: =AVERAGEIFS('Master Variety List'!E:E, 'Master Variety List'!A:A, "*Fall*", 'Master Variety List'!B:B, "*Foundation*") -> 1.6591883 | J35: =L25 -> 220 | L35: =J35-F35 -> 150
A36: Scabiosa | E36: 1 | F36: =$P$1*E36 -> 10 | H36: filler | I36: =AVERAGEIFS('Master Variety List'!E:E, 'Master Variety List'!A:A, "*Fall*", 'Master Variety List'!B:B, "*Filler*") -> 1.6082895 | J36: =L26 -> 80 | L36: =J36-F36 -> 70
A37: Scabiosa Pod | E37: 1 | F37: =$P$1*E37 -> 10 | H37: float | I37: =AVERAGEIFS('Master Variety List'!E:E, 'Master Variety List'!A:A, "*Fall*", 'Master Variety List'!B:B, "*Float*") -> 1.3608333 | J37: =L27 -> 120 | L37: =J37-F37 -> 110
A38: Zinnia (XS) | E38: 1 | F38: =$P$1*E38 -> 10 | H38: finisher | I38: =AVERAGEIFS('Master Variety List'!E:E, 'Master Variety List'!A:A, "*Fall*", 'Master Variety List'!B:B, "*Finisher*") -> 1.7747807 | J38: =L28 -> 180 | L38: =J38-F38 -> 170
A39: Thistle | E39: 2 | F39: =$P$1*E39 -> 20 | H39: foliage | I39: =AVERAGEIFS('Master Variety List'!E:E, 'Master Variety List'!A:A, "*Fall*", 'Master Variety List'!B:B, "*Foliage*") -> 1.4392308 | J39: =L29 -> 230 | L39: =J39-F39 -> 210
A40: Indigo
A41: 5 - Finisher
A42: Amaranth | B42: Other Straights or Doubles, Triples | E42: Calculated quantity of flowers in bouquet | F42: total number of stems used | I42: average price for category | J42: Availability (# stems) | L42: # stems leftover
A43: Delphinium | C43: Fall | D43: =SUMPRODUCT(E43:E48, I43:I48) -> 23.506126 | E43: 7 | F43: =$J$1*E43 -> 350 | H43: focal | I43: =AVERAGEIFS('Master Variety List'!E:E, 'Master Variety List'!A:A, "*Fall*", 'Master Variety List'!B:B, "*Focal*") -> 2.6453333 | J43: =L34 -> 310 | L43: =J43-F43 -> -40
A44: Fennel | E44: 0 | F44: =$J$1*E44 -> 0 | H44: foundation | I44: =AVERAGEIFS('Master Variety List'!E:E, 'Master Variety List'!A:A, "*Fall*", 'Master Variety List'!B:B, "*Foundation*") -> 1.6591883 | J44: =L35 -> 150 | L44: =J44-F44 -> 150
A45: Frosted Explosion Grass | E45: 0 | F45: =$J$1*E45 -> 0 | H45: filler | I45: =AVERAGEIFS('Master Variety List'!E:E, 'Master Variety List'!A:A, "*Fall*", 'Master Variety List'!B:B, "*Filler*") -> 1.6082895 | J45: =L36 -> 70 | L45: =J45-F45 -> 70
A46: Jewels of Opar (3x) | E46: 0 | F46: =$J$1*E46 -> 0 | H46: float | I46: =AVERAGEIFS('Master Variety List'!E:E, 'Master Variety List'!A:A, "*Fall*", 'Master Variety List'!B:B, "*Float*") -> 1.3608333 | J46: =L37 -> 110 | L46: =J46-F46 -> 110
A47: Mint | E47: 2 | F47: =$J$1*E47 -> 100 | H47: finisher | I47: =AVERAGEIFS('Master Variety List'!E:E, 'Master Variety List'!A:A, "*Fall*", 'Master Variety List'!B:B, "*Finisher*") -> 1.7747807 | J47: =L38 -> 170 | L47: =J47-F47 -> 70
A48: Papyrus | E48: 1 | F48: =$J$1*E48 -> 50 | H48: foliage | I48: =AVERAGEIFS('Master Variety List'!E:E, 'Master Variety List'!A:A, "*Fall*", 'Master Variety List'!B:B, "*Foliage*") -> 1.4392308 | J48: =L39 -> 210 | L48: =J48-F48 -> 160
A49: Nandina berries
A50: Cress
A51: Fruit branch (e.g., crabapple) | F51: FOCAL | J51: FOUNDATION | U51: FILLER | Z51: FLOATER | AF51: FINISHER | AL51: FOLIAGE
A52: Basil (flowering) | B52: Make this when… | C52: Never, ever: | F52: Delphinium | G52: Sunflower | H52: Zinnia (XL) | I52: Dahlia | J52: Sunflower (S) | K52: Zinnia (M) | L52: Plume Celosia | M52: Echinacea | N52: Lisianthus | O52: Rudbeckia | P52: Snapdragon | Q52: Strawflower | R52: Ammi | S52: Brain Celosia | T52: Hydrangea | U52: Statice | V52: Dara | W52: Ageratum | X52: Cosmos | Y52: Gomphrena | Z52: Scabiosa | AA52: Verbena | AB52: Zinnia (XS) | AC52: Amaranth | AD52: Papyrus | AE52: Fennel | AF52: Frosted Explosion | AG52: Jewels of Opar | AH52: Honeysuckle | AI52: Geranium | AJ52: Raspberry | AK52: Snowball Foliage | AL52: Eucalyptus
A53: Mint (flowering) | D53: Fall Light
A54: 6 - Foliage | D54: Gentle Gemstones | E54: muted pinks and purples | F54: No | G54: No | H54: pink, Benary's lilac | I54: CAL, RRA, Lavenders | J54: No | K54: Pink, lilac, QLR | L54: Pinks | M54: No | N54: Celeb Madonna, Nightengale, Light purple | O54: White | P54: Pink | Q54: Pink | R54: No | S54: No | T54: Pink, warm purple | U54: Rose | V54: Pink | W54: No | X54: Cupcake Pink | Y54: Light purple | Z54: Medium Pink | AA54: Yes | AB54: No | AC54: No | AD54: Yes | AE54: No | AF54: Yes | AG54: No | AH54: Yes | AI54: Yes | AJ54: Yes | AK54: Yes | AL54: Yes
A55: Eucalyptus | D55: Butter, Biscuits & Honey | E55: pale multi | F55: White | G55: White Lite, White Nite, Orange | H55: Golden Hour | I55: White, Cornel Bronze | J55: White Lite, White Nite, Gold | K55: Golden Hour, Creamy Yellow, QLO | L55: No | M55: Yellow | N55: Cream (Yellow), White | O55: Goldilocks | P55: White | Q55: No | R55: Yes | S55: Gold | T55: Limelight | U55: No | V55: No | W55: No | X55: White | Y55: No | Z55: Cream, White | AA55: No | AB55: Gold | AC55: Gold | AD55: Yes | AE55: Yes | AF55: Yes | AG55: No | AH55: Yes | AI55: Yes | AJ55: Yes | AK55: Yes | AL55: No
A56: Geranium | D56: Champagne Brunch | E56: Light pink, peach, cream | F56: No | G56: White Lite, White Nite | H56: Pale Pink, Light Salmon, Golden Hour | I56: CAL, RRA, peach | J56: White Lite, White Nite | K56: Pale Pink, Light Salmon, Golden Hour, QLP | L56: Gold, soft pink | M56: Yellow, Peach | N56: Champagne, Light Pink, Apricot, Cream (Yellow) | O56: No | P56: Light Pink, White | Q56: Apricot | R56: No | S56: Gold | T56: Limelight | U56: No | V56: No | W56: No | X56: White | Y56: No | Z56: Cream, White, Light Pink | AA56: No | AB56: Light Salmon | AC56: Gold | AD56: Yes | AE56: No | AF56: Yes | AG56: Yes | AH56: Yes | AI56: Yes | AJ56: Yes | AK56: Yes | AL56: Yes
A57: Honeysuckle | D57: Mellow Unicorn | E57: Pink, salmon, blue | F57: Lt. Blue | H57: Pink, Benary Salmon | I57: other clear pink, salmon | K57: Oklahoma Salmon, Oklahoma Pink | L57: Medium Pink (not fuschia) | M57: Salmon | N57: Champagne, Pink, Apricot | O57: No | P57: Pink, Orange? | Q57: Pink, Orange, Salmon | R57: No | S57: No | T57: Blue, pink | U57: Rose, light blue | V57: No | W57: Yes | X57: No | Y57: No | Z57: Blue | AA57: No | AB57: Salmon, pink | AC57: No | AD57: Yes | AE57: No | AF57: Yes | AG57: Yes | AH57: Yes | AI57: Yes | AJ57: Yes | AK57: Yes | AL57: Yes
A58: Raspberry | B58: Nightengale lisis are available | D58: Rosé All Day | E58: muted pink | F58: No | G58: No | H58: pale pinks | I58: CAL, RRA | J58: No | K58: pale pinks, QLR | L58: No | M58: No | N58: Pink, Nightengale | O58: No | P58: No | Q58: No | R58: pale pink | S58: Pink | T58: No | U58: No | V58: No | W58: No | X58: Pink | Y58: Rose | Z58: Pink | AA58: No | AB58: Cupcake Pink | AC58: No | AD58: Pink | AE58: No | AF58: No | AG58: Burgundy | AH58: Yes | AI58: No | AJ58: Yes | AK58: Yes | AL58: Yes | AM58: Yes
A59: Smokebush | D59: Fall Bright
A60: Snowball Foliage | D60: Birthday cake | E60: pink, gold, orange, white | F60: White | G60: Orange | H60: Benary Bright Pink, Benary Orange | I60: Doris Duke, other clear pink, orange | J60: Orange | K60: Bright Pink, Orange, Gold | L60: Bright pink (not purple-y), orange | M60: Bright gold | N60: White, Corelli Rose? | O60: Goldilocks | P60: Pink, orange, white | Q60: Pink, orange | R60: Yes | S60: Pink, Orange | T60: Limelight | U60: No | V60: No | W60: No | X60: White | Y60: Bright Pink, Orange | Z60: White, pink | AA60: No | AB60: Bright Pink, Orange, Gold | AC60: No | AD60: Yes | AE60: Yes | AF60: Yes | AG60: No | AH60: Yes | AI60: Yes | AJ60: Yes | AK60: Yes | AL60: No
A61: Snowberry Foliage | D61: Electric Unicorn | E61: pink, Coral, blue | F61: Blue | G61: No | H61: Benary Bright Pink, Coral | I61: Doris Duke, other clear pink, salmon | J61: No | K61: Pink, Coral, Gold | L61: Bright pink (not purple-y), orange, salmon | M61: Salmon | N61: pink, light blue | O61: No | P61: pink, orange? | Q61: Pink, coral, orange | R61: No | S61: Pink | T61: Blue | U61: Blue | V61: No | W61: Yes | X61: No | Y61: No | Z61: Pink, blue | AA61: No | AB61: Pink, Coral, Gold | AC61: No | AD61: Yes | AE61: No | AF61: Yes | AG61: No | AH61: Yes | AI61: Yes | AJ61: Yes | AK61: Yes | AL61: No
A62: Viburnum | C62: add white | D62: Cover Grrl | E62: Red, pink, | F62: No | G62: No | H62: All pinks, Benary Red | I62: Cornel, Doris Duke, Magenta Tubular, other clear pink | J62: No | K62: All pinks, Red | L62: All pinks, Red | M62: pink | N62: all pinks | O62: No | P62: Pink, red | Q62: Pink | R62: No | S62: Pink, Red | T62: Pink | U62: Rose | V62: Yes | W62: No | X62: No | Y62: Red | Z62: pink | AA62: No | AB62: All pinks | AC62: No | AD62: Yes | AE62: No | AF62: Yes | AG62: No | AH62: Yes | AI62: Yes | AJ62: Yes | AK62: Yes | AL62: No
A63: Nandina foliage | C63: add white | D63: Firecracker | E63: Red, bright pink, orange, purple | F63: No | G63: No | H63: Benary Bright pink, Benary orange, Benary purple, Benary red | I63: Purple-pink spiky, Hula, Thomas Edison, Purple Keeper, Magenta Tubular, Cornel, Fabulous | J63: No | K63: Bright pink, Bright orange, purple, red | L63: Bright pink, red, orange, purple | M63: No | N63: Nightengale, Arena Red | O63: No | P63: bright pink, orange, red, purple | Q63: burgundy, orange | R63: No | S63: Pink, Red, Purple | T63: No | U63: purple | V63: Yes | W63: No | X63: dark purple, | Y63: Dark Purple, Bright pink, Red, Orange | Z63: No | AA63: Yes | AB63: No | AC63: Burgundy | AD63: Yes | AE63: No | AF63: Yes | AG63: Yes | AH63: Yes | AI63: Yes | AJ63: Yes | AK63: Yes | AL63: Yes
A64: Mint (foliage) | C64: add white | D64: Campfire | E64: Red, bright pink, orange, burgundy | F64: No | G64: No | H64: Benary Bright pink, Benary orange, Benary Burgundy, Benary Red | I64: SP Burgundy, Cornel, Orange, Magenta Tubular, Fabulous | J64: No | K64: Bright pink, Bright orange, burgundy, red, QLR | L64: Bright pink, red, orange, burgundy | M64: No | N64: Nightengale, Arena Red | O64: No | P64: bright pink, orange, red | Q64: burgundy, orange | R64: No | S64: Red, Burgundy | T64: No | U64: No | V64: Yes | W64: No | X64: Rubenza | Y64: Red, Orange | Z64: Burgundy | AA64: No | AB64: No | AC64: Burgundy | AD64: Yes | AE64: No | AF64: Yes | AG64: Yes | AH64: Yes | AI64: Yes | AJ64: Yes | AK64: Yes | AL64: Yes
A65: Basil (foliage) | D65: Sugar Plum Fairy | E65: lavender, cream, purple, purple-pink | F65: No | G65: No | H65: Benary Lilac, Benary Purple | I65: lavenders, spiky pink-purple, Hula, Purple Keeper, Magenta Tubular, Thomas Edison | J65: No | K65: Lilac, Purple | L65: Purples | M65: No | N65: light blue | O65: No | P65: purple | Q65: Burgundy | R65: Yes | S65: Purple | T65: Pinky-purple, limelight | U65: purple | V65: Yes | W65: No | X65: lilac, purple | Y65: light purple, dark purple | Z65: No | AA65: Yes | AB65: No | AC65: No | AD65: Yes | AE65: Yes | AF65: Yes | AG65: Yes | AH65: Yes | AI65: Yes | AJ65: Yes | AK65: Yes | AL65: Yes
A66: Grand Total | D66: Wine Flight | E66: burgundy, blush, cream | F66: No | G66: Red (deep burgundy) | H66: blush, Benary Burgundy | I66: CAL, SP Burgundy, Edinburgh, RRA, | J66: Red (deep burgundy) | K66: blush, burgundy, QLR | L66: Burgundy | M66: No | N66: Cream, blush, Nightengale, Arena Red? | O66: No | P66: blush | Q66: No | R66: No | S66: Burgundy | T66: No | U66: No | V66: Yes | W66: No | X66: Rubenza | Y66: No | Z66: Burgundy | AA66: No | AB66: No | AC66: Burgundy | AD66: Yes | AE66: No | AF66: Yes | AG66: Yes | AH66: Yes | AI66: Yes | AJ66: Yes | AK66: Yes | AL66: Yes
C67: use too much bright orange | D67: Pumpkin Spice | E67: Copper, burnt muted orange, cream | F67: No | G67: Plum (gold/bronze) | H67: Golden Hour, new peach?? | I67: Cornel Bronze, peach, Andy's Legacy?? | J67: Plum (gold/bronze) | K67: QLO, Golden Hour, new peach?? | L67: No | M67: No | N67: Cream | O67: Bronze | P67: no | Q67: orange | R67: No | S67: No | T67: Limelight | U67: No | V67: No | W67: No | X67: white | Y67: Orange | Z67: cream | AA67: No | AB67: No | AC67: Gold | AD67: Yes | AE67: No | AF67: Yes | AG67: Yes | AH67: Yes | AI67: Yes | AJ67: Yes | AK67: Yes | AL67: Yes
B68: Oklahoma zinnias and Rudbeckia overlap | D68: Sunkissed | E68: Salmon and Gold | F68: No | G68: Orange | H68: Benary | I68: Robin Hood, Rose Toscano | J68: Orange | K68: Oklahoma Salmon | L68: No | M68: Gold | N68: Apricot | O68: No | P68: Goldilocks | Q68: No | R68: No | S68: Apricot | T68: No | U68: Yes | V68: Yes | W68: Gold | X68: Pink | Y68: No | Z68: Peach | AA68: No | AB68: No | AC68: No | AD68: No | AE68: No | AF68: Salmon | AG68: No | AH68: Yes | AI68: Yes | AJ68: Yes | AK68: Yes | AL68: Yes | AM68: Yes | AN68: Yes | AO68: Yes | AP68: Yes

Sheet Formula Expt.
O1: loaded scenario below
O2: =MIN($O$1) -> 0
O3: =COUNT($C$11:$C$16) -> 0
A4: Early Spring | B4: =SUMPRODUCT(G4:G9, C4:C9) -> 0 | O4: =$B$11<=37 -> TRUE
O5: =$B$11>=35 -> FALSE
O6: =$C$11<=2 -> TRUE
O7: =$C$11>=1 -> FALSE
O8: {=$C$11:$C$16=INT($C$11:$C$16)} -> TRUE
O9: =$C$12>=3 -> FALSE
O10: =$C$13<=2 -> TRUE
A11: Late Spring | B11: =SUMPRODUCT(G11:G16, C11:C16) -> 0 | O11: =$C$13>=1 -> FALSE
O12: =$C$14<=3 -> TRUE
O13: =$C$14>=2 -> FALSE
O14: =$C$15<=2 -> TRUE
O15: =$C$16<=3 -> TRUE
O16: =$C$16>=2 -> FALSE
O17: =$D$11<=$H$11 -> TRUE
A18: Summer | B18: =SUMPRODUCT(G18:G23, C18:C23) -> 0 | O18: =$D$12<=$H$12 -> TRUE
O19: =$D$13<=$H$13 -> TRUE
O20: =$D$14<=$H$14 -> TRUE
O21: =$D$15<=$H$15 -> TRUE
O22: =$D$16<=$H$16 -> TRUE
O23: ={32767,32767,0.000001,0.01,FALSE,FALSE,TRUE,1,1,1,0.0001,TRUE} -> 32767
O24: ={0,0,0,100,0,FALSE,TRUE,0.075,0,0,FALSE,30} -> 0
D33: Season | E33: Category | F33: Flower | G33: Retail Price | H33: Avg. WS Price | I33: MVFC | J33: Potomac | K33: SP Guess
D34: Summer, Fall | E34: 1 - Focal | F34: Sunflower (M-L) | G34: =H34*(1+$E$1) -> 1.99 | H34: =AVERAGE(I34:K34) -> 1.99 | J34: 1.99
D35: Summer, Fall | E35: 1 - Focal | F35: Zinnia (XL) | G35: =H35*(1+$E$1) -> 1.65 | H35: =AVERAGE(I35:K35) -> 1.65 | K35: 1.65
D36: Fall | E36: 1 - Focal | F36: Dahlia (L) | G36: =H36*(1+$E$1) -> 2.6 | H36: =AVERAGE(I36:K36) -> 2.6 | J36: 2.6
D37: Early Spring | E37: 1 - Focal | F37: Tulip - French | G37: =H37*(1+$E$1) -> 4.1 | H37: =AVERAGE(I37:K37) -> 4.1 | K37: 4.1 | M37: Summer/Fall | N37: Focal | O37: Average of All Varieties | P37: =AVERAGE(G34:G36) -> 2.08 | Q37: =AVERAGE(H34:H36) -> 2.08
D38: Early Spring | E38: 1 - Focal | F38: Tulip - Double | G38: =H38*(1+$E$1) -> 4.3 | H38: =AVERAGE(I38:K38) -> 4.3 | K38: 4.3 | M38: Spring | N38: Focal | O38: Average of All Varieties | P38: =AVERAGE(G40:G44) -> 3.81 | Q38: =AVERAGE(H37:H39) -> 4.125
D39: Early Spring | E39: 1 - Focal | F39: Tulip - Regular | G39: =H39*(1+$E$1) -> 3.975 | H39: =AVERAGE(I39:K39) -> 3.975 | I39: 4 | J39: 3.95 | M39: Early Spring | N39: Focal | O39: Average of All Varieties | P39: =AVERAGE(G37:G39) -> 4.125 | Q39: =AVERAGE(H41:H114) -> 1.5783211
D40: Late Spring | E40: 1 - Focal | F40: Peony - Coral Charm | G40: =H40*(1+$E$1) -> 3.975 | H40: =AVERAGE(I40:K40) -> 3.975 | I40: 4 | J40: 3.95
D41: Late Spring | E41: 1 - Focal | F41: Peony - Dark Pink | G41: =H41*(1+$E$1) -> 4.475 | H41: =AVERAGE(I41:K41) -> 4.475 | I41: 4 | J41: 4.95
D42: Late Spring | E42: 1 - Focal | F42: Peony - Pink | G42: =H42*(1+$E$1) -> 3.3 | H42: =AVERAGE(I42:K42) -> 3.3 | I42: 3 | J42: 3.6
D43: Late Spring | E43: 1 - Focal | F43: Peony - Pale Pink/Blush | G43: =H43*(1+$E$1) -> 3.975 | H43: =AVERAGE(I43:K43) -> 3.975 | I43: 4 | J43: 3.95 | M43: Early Spring | N43: April, early May
D44: Late Spring | E44: 1 - Focal | F44: Peony - White | G44: =H44*(1+$E$1) -> 3.325 | H44: =AVERAGE(I44:K44) -> 3.325 | I44: 3 | J44: 3.65 | M44: Late Spring | N44: Late May, June
D45: Late Spring, Summer, Fall | E45: 1 - Focal | F45: Delphinium | G45: =H45*(1+$E$1) -> 1.7 | H45: =AVERAGE(I45:K45) -> 1.7 | I45: 1.4 | J45: 2
M46: Summer | N46: July, August
D47: Summer, Fall | E47: 2 -Foundation | F47: Sunflower (S) | G47: =H47*(1+$E$1) -> 1 | H47: =AVERAGE(I47:K47) -> 1 | J47: 1 | M47: Fall | N47: September, October
D48: Late Spring, Fall | E48: 2 - Foundation | F48: Garden Rose | G48: =H48*(1+$E$1) -> 1.79 | H48: =AVERAGE(I48:K48) -> 1.79 | J48: 1.79
D49: Fall | E49: 2 - Foundation | F49: Dahlia (S) | G49: =H49*(1+$E$1) -> 2.1 | H49: =AVERAGE(I49:K49) -> 2.1 | K49: 2.1
D50: Fall | E50: 2 - Foundation | F50: Dahlia (M) | G50: =H50*(1+$E$1) -> 3 | H50: =AVERAGE(I50:K50) -> 3 | I50: 3
D51: Summer, Fall | E51: 2 - Foundation | F51: Strawflower | G51: =H51*(1+$E$1) -> 1.4 | H51: =AVERAGE(I51:K51) -> 1.4 | I51: 1.4
D52: Late Spring, Summer, Fall | E52: 2 - Foundation | F52: Queen Anne's / Ammi | G52: =H52*(1+$E$1) -> 1.25 | H52: =AVERAGE(I52:K52) -> 1.25 | I52: 1.3 | J52: 1.2
D53: Summer, Fall | E53: 2 - Foundation | F53: Echinacea | G53: =H53*(1+$E$1) -> 1 | H53: =AVERAGE(I53:K53) -> 1 | K53: 1
D54: Late Spring, Summer | E54: 2 - Foundation | F54: Rudbeckia | G54: =H54*(1+$E$1) -> 1.2 | H54: =AVERAGE(I54:K54) -> 1.2 | I54: 1.4 | K54: 1
D55: Late Spring, Summer | E55: 2 - Foundation | F55: Scabiosa (Fama) | G55: =H55*(1+$E$1) -> 1.4 | H55: =AVERAGE(I55:K55) -> 1.4 | K55: 1.4
D56: Summer, Fall | E56: 2 - Foundation | F56: Zinnia (M-L) | G56: =H56*(1+$E$1) -> 1.1 | H56: =AVERAGE(I56:K56) -> 1.1 | I56: 1.2 | K56: 1
D57: Summer, Fall | E57: 2 - Foundation | F57: Lisianthus | G57: =H57*(1+$E$1) -> 2.2375 | H57: =AVERAGE(I57:K57) -> 2.2375 | I57: =17.25/10 -> 1.725 | J57: 2.75
D58: Late Spring, Summer | E58: 2 - Foundation | F58: Lupine | G58: =H58*(1+$E$1) -> 1.725 | H58: =AVERAGE(I58:K58) -> 1.725 | I58: 1.55 | J58: 1.9
D59: Late Spring, Summer, Fall | E59: 2 - Foundation | F59: Snapdragon (S) | G59: =H59*(1+$E$1) -> 1.6 | H59: =AVERAGE(I59:K59) -> 1.6 | J59: 1.6
D60: Late Spring, Summer, Fall | E60: 2 - Foundation | F60: Snapdragon (L) | G60: =H60*(1+$E$1) -> 2.4 | H60: =AVERAGE(I60:K60) -> 2.4 | J60: 2.4
D61: Summer, Fall | E61: 2 - Foundation | F61: Amaranth | G61: =H61*(1+$E$1) -> 1.505 | H61: =AVERAGE(I61:K61) -> 1.505 | I61: 1.3 | J61: 1.71
D62: Summer, Fall | E62: 2 - Foundation | F62: Celosia | G62: =H62*(1+$E$1) -> 1.6 | H62: =AVERAGE(I62:K62) -> 1.6 | I62: 1.4 | J62: 1.8
D63: Early Spring, Late Spring | E63: 2 - Foundation | F63: Ranunculus | G63: =H63*(1+$E$1) -> 2.05 | H63: =AVERAGE(I63:K63) -> 2.05 | J63: 2.05
D64: Early Spring | E64: 2 - Foundation | F64: Anemone | G64: =H64*(1+$E$1) -> 1.9 | H64: =AVERAGE(I64:K64) -> 1.9 | J64: 1.9
D65: Early Spring, Late Spring | E65: 2 - Foundation | F65: Poppy - Icelandic (M-L) | G65: =H65*(1+$E$1) -> 1.5 | H65: =AVERAGE(I65:K65) -> 1.5 | K65: =15/10 -> 1.5
D66: Early Spring | E66: 2 - Foundation | F66: Daffodil | G66: =H66*(1+$E$1) -> 0.95 | H66: =AVERAGE(I66:K66) -> 0.95 | K66: =9.5/10 -> 0.95
D67: Early Spring | E67: 2 - Foundation | F67: Orlaya | G67: =H67*(1+$E$1) -> 1 | H67: =AVERAGE(I67:K67) -> 1 | I67: 1.1 | J67: 0.9
D68: Early Spring, Late Spring | E68: 2 - Foundation | F68: Stock | G68: =H68*(1+$E$1) -> 1.45 | H68: =AVERAGE(I68:K68) -> 1.45 | I68: 1.4 | J68: 1.5
D70: Late Spring | E70: 2 - Foundation | F70: Astilbe - Pale Pink | G70: =H70*(1+$E$1) -> 1.125 | H70: =AVERAGE(I70:K70) -> 1.125 | I70: 0.75 | J70: 1.5
D71: Late Spring | E71: 2 - Foundation | F71: Astilbe - Dark Pink | G71: =H71*(1+$E$1) -> 1.25 | H71: =AVERAGE(I71:K71) -> 1.25 | I71: 1.1 | J71: 1.4
D72: Late Spring | E72: 2 - Foundation | F72: Campanula | G72: =H72*(1+$E$1) -> 1.475 | H72: =AVERAGE(I72:K72) -> 1.475 | I72: 1.25 | J72: 1.7
D73: Late Spring | E73: 2 - Foundation | F73: Larkspur | G73: =H73*(1+$E$1) -> 1.3 | H73: =AVERAGE(I73:K73) -> 1.3 | J73: 1.3
D74: Late Spring | E74: 2 - Foundation | F74: Lilac | G74: =H74*(1+$E$1) -> 2 | H74: =AVERAGE(I74:K74) -> 2 | K74: 2
D75: Early Spring | E75: 2 - Foundation | F75: Hellebore | G75: =H75*(1+$E$1) -> 2 | H75: =AVERAGE(I75:K75) -> 2 | K75: 2
D77: Summer, Fall | E77: 3 - Filler | F77: Hydrangea (M) | G77: =H77*(1+$E$1) -> 2.6633333 | H77: =AVERAGE(I77:K77) -> 2.6633333 | I77: 2.5 | J77: 2.99 | K77: 2.5
D78: Late Spring, Summer, Fall | E78: 3 - Filler | F78: Statice | G78: =H78*(1+$E$1) -> 1.15 | H78: =AVERAGE(I78:K78) -> 1.15 | I78: 1.3 | J78: 1
D79: Summer, Fall | E79: 3 - Filler | F79: Greek Oregano | G79: =H79*(1+$E$1) -> 1.2 | H79: =AVERAGE(I79:K79) -> 1.2 | K79: 1.2
D80: Late Spring, Summer | E80: 3 - Filler | F80: Yarrow | G80: =H80*(1+$E$1) -> 1.1 | H80: =AVERAGE(I80:K80) -> 1.1 | J80: 1.1
D81: Late Spring, Summer | E81: 3 - Filler | F81: Feverfew | G81: =H81*(1+$E$1) -> 1.2 | H81: =AVERAGE(I81:K81) -> 1.2 | K81: 1.2
D82: Early Spring, Late Spring | E82: 3 - Filler | F82: Saponaria | G82: =H82*(1+$E$1) -> 1.5 | H82: =AVERAGE(I82:K82) -> 1.5 | K82: 1.5
D83: Late Spring | E83: 3 - Filler | F83: Mock Orange | G83: =H83*(1+$E$1) -> 1.3 | H83: =AVERAGE(I83:K83) -> 1.3 | I83: 1.3
D84: Late Spring | E84: 3 - Filler | F84: Bupleurum | G84: =H84*(1+$E$1) -> 1 | H84: =AVERAGE(I84:K84) -> 1 | J84: 1
D85: Late Spring | E85: 3 - Filler | F85: Spirea | G85: =H85*(1+$E$1) -> 1.05 | H85: =AVERAGE(I85:K85) -> 1.05 | I85: 1.1 | J85: 1
D87: Summer, Fall | E87: 4 - Float | F87: Ageratum | G87: =H87*(1+$E$1) -> 1.3 | H87: =AVERAGE(I87:K87) -> 1.3 | I87: 1.3
D88: Late Spring, Summer | E88: 4 - Float | F88: Verbena | G88: =H88*(1+$E$1) -> 1.2 | H88: =AVERAGE(I88:K88) -> 1.2 | I88: 1.2
D89: Summer, Fall | E89: 4 - Float | F89: Cosmos | G89: =H89*(1+$E$1) -> 1.6 | H89: =AVERAGE(I89:K89) -> 1.6 | I89: 1.6
D90: Summer, Fall | E90: 4 - Float | F90: Gomphrena | G90: =H90*(1+$E$1) -> 1.05 | H90: =AVERAGE(I90:K90) -> 1.05 | I90: 1.3 | J90: 0.8
D91: Late Spring, Summer, Fall | E91: 4 - Float | F91: Scabiosa | G91: =H91*(1+$E$1) -> 1.45 | H91: =AVERAGE(I91:K91) -> 1.45 | I91: 1.4 | J91: 1.5
D92: Summer, Fall | E92: 4 - Float | F92: Zinnia (XS) | G92: =H92*(1+$E$1) -> 0.75 | H92: =AVERAGE(I92:K92) -> 0.75 | K92: 0.75
D93: Summer, Fall | E93: 4 - Float | F93: Scabiosa Pod | G93: =H93*(1+$E$1) -> 1.1 | H93: =AVERAGE(I93:K93) -> 1.1 | I93: 1.1 | J93: 1.1
D94: Late Spring | E94: 4 - Float | F94: Bleeding Heart | G94: =H94*(1+$E$1) -> 0.75 | H94: =AVERAGE(I94:K94) -> 0.75 | I94: 0.75
D95: Late Spring | E95: 4 - Float | F95: Geum | G95: =H95*(1+$E$1) -> 1.13 | H95: =AVERAGE(I95:K95) -> 1.13 | I95: 1.13
D96: Early Spring, Late Spring | E96: 4 - Float | F96: Iceland poppy (small) | G96: =H96*(1+$E$1) -> 1.25 | H96: =AVERAGE(I96:K96) -> 1.25 | K96: 1.25
D97: Early Spring, Late Spring | E97: 4 - Float | F97: Nigella | G97: =H97*(1+$E$1) -> 1.8 | H97: =AVERAGE(I97:K97) -> 1.8 | J97: 1.8
D98: Early Spring, Late Spring | E98: 4 - Float | F98: Bachelor's Buttons | G98: =H98*(1+$E$1) -> 1.15 | H98: =AVERAGE(I98:K98) -> 1.15 | I98: 1.1 | J98: 1.2
D99: Early Spring, Late Spring | E99: 4 - Float | F99: Agrostemma | G99: =H99*(1+$E$1) -> 1 | H99: =AVERAGE(I99:K99) -> 1 | K99: 1
D101: Summer, Fall | E101: 5 - Finisher | F101: Jewels of Opar (3x) | G101: =H101*(1+$E$1) -> 1 | H101: =AVERAGE(I101:K101) -> 1 | K101: 1
D102: Late Spring, Summer | E102: 5 - Finisher | F102: Feverfew | G102: =H102*(1+$E$1) -> 1.2 | H102: =AVERAGE(I102:K102) -> 1.2 | K102: 1.2
D103: Summer, Fall | E103: 5 - Finisher | F103: Frosted Explosion Grass | G103: =H103*(1+$E$1) -> 1.2 | H103: =AVERAGE(I103:K103) -> 1.2 | I103: 1.2
D104: Summer, Fall | E104: 5 - Finisher | F104: Fennel | G104: =H104*(1+$E$1) -> 1.3 | H104: =AVERAGE(I104:K104) -> 1.3 | I104: 1.3
D105: Early Spring, Late Spring, Summer, Fall | E105: 5 - Finisher | F105: Papyrus | G105: =H105*(1+$E$1) -> 1.075 | H105: =AVERAGE(I105:K105) -> 1.075 | I105: 1.25 | J105: 0.9
D106: Late Spring | E106: 5 - Finisher | F106: Allium | G106: =H106*(1+$E$1) -> 1.75 | H106: =AVERAGE(I106:K106) -> 1.75 | K106: 1.75
D107: Late Spring | E107: 5 - Finisher | F107: Dogwood Branch | G107: =H107*(1+$E$1) -> 1.2 | H107: =AVERAGE(I107:K107) -> 1.2 | I107: 1.1 | J107: 1.3
D108: Late Spring | E108: 5 - Finisher | F108: Saponaria | G108: =H108*(1+$E$1) -> 2 | H108: =AVERAGE(I108:K108) -> 2 | I108: 2
D110: Summer, Fall | E110: 6 - Foliage | F110: Smokebush | G110: =H110*(1+$E$1) -> 1.75 | H110: =AVERAGE(I110:K110) -> 1.75 | K110: 1.75
D111: Summer, Fall | E111: 6 - Foliage | F111: Viburnum | G111: =H111*(1+$E$1) -> 1.4 | H111: =AVERAGE(I111:K111) -> 1.4 | K111: 1.4
D112: Summer, Fall | E112: 6 - Foliage | F112: Geranium | G112: =H112*(1+$E$1) -> 1.4 | H112: =AVERAGE(I112:K112) -> 1.4 | I112: 1.5 | J112: 1.3
D113: Summer, Fall | E113: 6 - Foliage | F113: Eucalyptus | G113: =H113*(1+$E$1) -> 1.4 | H113: =AVERAGE(I113:K113) -> 1.4 | I113: =14/10 -> 1.4
...

Sheet Varieties By Season
B2: Bloom Start Month | C2: Sequence | D2: Variety | E2: March | H2: April | K2: May | N2: June | Q2: July | T2: August | W2: September | Z2: October
C3: Seeding | D3: Tulip
C4: Planting
C5: Blooming
C6: Seeding | D6: Tulip
C7: Planting
C8: Blooming
C9: Seeding | D9: Tulip
C10: Planting
C11: Blooming
C12: Seeding | D12: Stock
C13: Planting
C14: Blooming
C15: Seeding | D15: Baptisia
C16: Planting
C17: Blooming
C18: Seeding | D18: Privet
C19: Planting
C20: Blooming
C21: Seeding | D21: Ranunculus
C22: Planting
C23: Blooming
C24: Seeding | D24: Anemone
C25: Planting
C26: Blooming
C27: Seeding
C28: Planting
C29: Blooming
C30: Seeding
C31: Planting
C32: Blooming
C33: Seeding
C34: Planting
C35: Blooming
C36: Seeding
... C56: Blooming

Sheet Old Flower List
B1: IMPORTANT: As of 12/23/23 this sheet is now out of date -- please don't use. See "Master Variety List" tab instead.
B2: Phlox (fill rest of rudbeckia row) | C2: Hyacinth Beans (end-August - September) | D2: Deutzia - Early May | F2: Pieris - April
B3: o | E3: Retail Markup | F3: 0.5
B5: Season | C5: Notes For Next Year | D5: Season | E5: Category | F5: Flower | G5: Retail Price | H5: Avg. WS Price | I5: MVFC | J5: Potomac | K5: SP Guess | L5: asdf
B6: July - October | C6: If in June, plant white nights first, otherwise plant whites and yellows at same time for both successions | D6: Summer/Fall | E6: 1 - Focal | F6: Sunflower (M-L) | G6: =H6*(1+$F$3) -> 2.985 | H6: =AVERAGE(I6:K6) -> 1.99 | J6: 1.99
B7: Mid-July - October | D7: Summer/Fall | E7: 1 - Focal | F7: Zinnia (XL) | G7: =H7*(1+$F$3) -> 3.3 | H7: =AVERAGE(I7:K7) -> 2.2 | K7: 2.2
B8: August - October | D8: Summer/Fall | E8: 1 - Focal | F8: Dahlia (XL) | G8: =H8*(1+$F$3) -> 6.75 | H8: =AVERAGE(I8:K8) -> 4.5 | I8: 4.5 | M8: *we charged $6 retail for single dahlia stem in bouquet on 8/23/23 - not on average for recipes
B9: August - October | D9: Summer/Fall | E9: 1 - Focal | F9: Dahlia (L) | G9: =H9*(1+$F$3) -> 3.9 | H9: =AVERAGE(I9:K9) -> 2.6 | J9: 2.6
B10: March - Early May | C10: Better watering | D10: Spring | E10: 1 - Focal | F10: Tulip - French | G10: =H10*(1+$F$3) -> 6.15 | H10: =AVERAGE(I10:K10) -> 4.1 | K10: 4.1
B11: March - Early May | C11: Better watering | D11: Spring | E11: 1 - Focal | F11: Tulip - Double | G11: =H11*(1+$F$3) -> 6.45 | H11: =AVERAGE(I11:K11) -> 4.3 | K11: 4.3
B12: March - Early May | C12: Better watering | D12: Spring | E12: 1 - Focal | F12: Tulip - Regular | G12: =H12*(1+$F$3) -> 5.9625 | H12: =AVERAGE(I12:K12) -> 3.975 | I12: 4 | J12: 3.95
B13: Late May - June | C13: If lucky, mid may for Mother's Day | D13: Spring | E13: 1 - Focal | F13: Peony - Coral Charm | G13: =H13*(1+$F$3) -> 5.9625 | H13: =AVERAGE(I13:K13) -> 3.975 | I13: 4 | J13: 3.95 | M13: *not on average for recipes
B14: Late May - June | D14: Spring | E14: 1 - Focal | F14: Peony - Dark Pink | G14: =H14*(1+$F$3) -> 6.7125 | H14: =AVERAGE(I14:K14) -> 4.475 | I14: 4 | J14: 4.95 | M14: *not on average for recipes
B15: Late May - June | D15: Spring | E15: 1 - Focal | F15: Peony - Pink | G15: =H15*(1+$F$3) -> 4.95 | H15: =AVERAGE(I15:K15) -> 3.3 | I15: 3 | J15: 3.6 | M15: *not on average for recipes
B16: Late May - June | D16: Spring | E16: 1 - Focal | F16: Peony - Pale Pink/Blush | G16: =H16*(1+$F$3) -> 5.9625 | H16: =AVERAGE(I16:K16) -> 3.975 | I16: 4 | J16: 3.95 | M16: *not on average for recipes
B17: Late May - June | D17: Spring | E17: 1 - Focal | F17: Peony - White | G17: =H17*(1+$F$3) -> 4.9875 | H17: =AVERAGE(I17:K17) -> 3.325 | I17: 3 | J17: 3.65 | M17: *not on average for recipes
B18: July - October | D18: Summer/Fall | E18: 2 - Support | F18: Sunflower (S) | G18: =H18*(1+$F$3) -> 1.5 | H18: =AVERAGE(I18:K18) -> 1 | J18: 1
C19: Need serious remediation | D19: Summer/Fall | E19: 2 - Support | F19: Garden Rose | G19: =H19*(1+$F$3) -> 2.685 | H19: =AVERAGE(I19:K19) -> 1.79 | J19: 1.79
B20: August - October | D20: Summer/Fall | E20: 2 - Support | F20: Dahlia (S) | G20: =H20*(1+$F$3) -> 3.15 | H20: =AVERAGE(I20:K20) -> 2.1 | K20: 2.1
B21: August - October | D21: Summer/Fall | E21: 2 - Support | F21: Dahlia (M) | G21: =H21*(1+$F$3) -> 4.5 | H21: =AVERAGE(I21:K21) -> 3 | I21: 3
B22: July - October | D22: Summer/Fall | E22: 2 - Support | F22: Strawflower | G22: =H22*(1+$F$3) -> 2.1 | H22: =AVERAGE(I22:K22) -> 1.4 | I22: 1.4
B23: June - July | D23: Summer/Fall | E23: 2 - Support | F23: Queen Anne's / Ammi | G23: =H23*(1+$F$3) -> 1.875 | H23: =AVERAGE(I23:K23) -> 1.25 | I23: 1.3 | J23: 1.2
B24: July - August | D24: Summer/Fall | E24: 2 - Support | F24: Echinacea | G24: =H24*(1+$F$3) -> 1.5 | H24: =AVERAGE(I24:K24) -> 1 | K24: 1
B25: July - September (maybe October) | C25: Shar wants goldilocks + mini ones but we have so much already | D25: Summer/Fall | E25: 2 - Support | F25: Rudbeckia | G25: =H25*(1+$F$3) -> 1.8 | H25: =AVERAGE(I25:K25) -> 1.2 | I25: 1.4 | K25: 1
B26: July - September (maybe October) | D26: Summer/Fall | E26: 2 - Support | F26: Scabiosa (Fama) | G26: =H26*(1+$F$3) -> 2.1 | H26: =AVERAGE(I26:K26) -> 1.4 | K26: 1.4
B27: Mid-July - October | D27: Summer/Fall | E27: 2 - Support | F27: Zinnia (M-L) | G27: =H27*(1+$F$3) -> 1.65 | H27: =AVERAGE(I27:K27) -> 1.1 | I27: 1.2 | K27: 1
B28: July - August... mid-Sept - October | C28: Double flush, tunneled potentially or rain cover | D28: Summer/Fall | E28: 2 - Support | F28: Lisianthus | G28: =H28*(1+$F$3) -> 3.35625 | H28: =AVERAGE(I28:K28) -> 2.2375 | I28: =17.25/10 -> 1.725 | J28: 2.75
B29: June - July | D29: Summer/Fall | E29: 2 - Support | F29: Lupine | G29: =H29*(1+$F$3) -> 2.5875 | H29: =AVERAGE(I29:K29) -> 1.725 | I29: 1.55 | J29: 1.9
B30: June - July... Sept - October | C30: Need more blush + white, tunneled if we want earlier, multiple successions | D30: Summer/Fall | E30: 2 - Support | F30: Snapdragon (S) | G30: =H30*(1+$F$3) -> 2.4 | H30: =AVERAGE(I30:K30) -> 1.6 | J30: 1.6
B31: June - July... Sept - October | C31: Need more blush + white, tunneled if we want earlier, multiple successions | D31: Summer/Fall | E31: 2 - Support | F31: Snapdragon (L) | G31: =H31*(1+$F$3) -> 3.6 | H31: =AVERAGE(I31:K31) -> 2.4 | J31: 2.4
B32: Mid-July - October | D32: Summer/Fall | E32: 2 - Support | F32: Amaranth | G32: =H32*(1+$F$3) -> 2.2575 | H32: =AVERAGE(I32:K32) -> 1.505 | I32: 1.3 | J32: 1.71
B33: August - October | D33: Summer/Fall | E33: 2 - Support | F33: Celosia | G33: =H33*(1+$F$3) -> 2.4 | H33: =AVERAGE(I33:K33) -> 1.6 | I33: 1.4 | J33: 1.8
B34: April - mid-June | D34: Spring | E34: 2 - Support | F34: Ranunculus | G34: =H34*(1+$F$3) -> 3.075 | H34: =AVERAGE(I34:K34) -> 2.05 | J34: 2.05
B35: April - mid-June | D35: Spring | E35: 2 - Support | F35: Anemone | G35: =H35*(1+$F$3) -> 2.85 | H35: =AVERAGE(I35:K35) -> 1.9 | J35: 1.9
B36: Mid-April - June | D36: Spring | E36: 2 - Support | F36: Poppy - Icelandic (M-L) | G36: =H36*(1+$F$3) -> 2.25 | H36: =AVERAGE(I36:K36) -> 1.5 | K36: =15/10 -> 1.5
B37: Mid-April - June | D37: Spring | E37: 2 - Support | F37: Daffodil | G37: =H37*(1+$F$3) -> 1.425 | H37: =AVERAGE(I37:K37) -> 0.95 | K37: =9.5/10 -> 0.95
B38: April | D38: Spring | E38: 2 - Support | F38: Orlaya | G38: =H38*(1+$F$3) -> 1.5 | H38: =AVERAGE(I38:K38) -> 1 | I38: 1.1 | J38: 0.9
B39: Late March - June | C39: Extend season by selecting ones that are known for early vs. mid season, using the sacata guide Sharon put in Notion | D39: Spring | E39: 2 - Support | F39: Stock | G39: =H39*(1+$F$3) -> 2.175 | H39: =AVERAGE(I39:K39) -> 1.45 | I39: 1.4 | J39: 1.5
B40: June - August (maybe September) | D40: Spring | E40: 2 - Support | F40: Delphinium | G40: =H40*(1+$F$3) -> 2.55 | H40: =AVERAGE(I40:K40) -> 1.7 | I40: 1.4 | J40: 2
B41: Early - Mid June | C41: Lets pack shade garden so less weeds!!!!!! YAY!!!!!! | D41: Spring | E41: 2 - Support | F41: Astilbe - Pale Pink | G41: =H41*(1+$F$3) -> 1.6875 | H41: =AVERAGE(I41:K41) -> 1.125 | I41: 0.75 | J41: 1.5
B42: Early - Mid June | D42: Spring | E42: 2 - Support | F42: Astilbe - Dark Pink | G42: =H42*(1+$F$3) -> 1.875 | H42: =AVERAGE(I42:K42) -> 1.25 | I42: 1.1 | J42: 1.4
B43: June | C43: succession, split with someone else | D43: Spring | E43: 2 - Support | F43: Campanula | G43: =H43*(1+$F$3) -> 2.2125 | H43: =AVERAGE(I43:K43) -> 1.475 | I43: 1.25 | J43: 1.7
B44: End of May - Mid June | D44: Spring | E44: 2 - Support | F44: Larkspur | G44: =H44*(1+$F$3) -> 1.95 | H44: =AVERAGE(I44:K44) -> 1.3 | J44: 1.3
C45: Aspirational | D45: Spring | E45: 2 - Support | F45: Lilac | G45: =H45*(1+$F$3) -> 3 | H45: =AVERAGE(I45:K45) -> 2 | K45: 2
C46: NEED MORE IN SHADE GARDEN | D46: Spring | E46: 2 - Support | F46: Hellebore | G46: =H46*(1+$F$3) -> 3 | H46: =AVERAGE(I46:K46) -> 2 | K46: 2
B47: End of March - April, maybe earlyMay?? | D47: Spring | E47: 2 - Support | F47: Baptisia | G47: =H47*(1+$F$3) -> 2.7 | H47: =AVERAGE(I47:K47) -> 1.8 | I47: 1.8
B48: July - July. | D48: Summer/Fall | E48: 3 - Filler | F48: Hydrangea (M) | G48: =H48*(1+$F$3) -> 4.1175 | H48: =AVERAGE(I48:K48) -> 2.745 | I48: 2.5 | J48: 2.99
B49: July - July. | D49: Summer/Fall | E49: 3 - Filler | F49: Hydrangea (L-XL) | G49: =H49*(1+$F$3) -> 7.485 | H49: =AVERAGE(I49:K49) -> 4.99 | J49: 4.99
B50: July | C50: Overwintered in tunnels which helped | D50: Summer/Fall | E50: 3 - Filler | F50: Statice | G50: =H50*(1+$F$3) -> 1.725 | H50: =AVERAGE(I50:K50) -> 1.15 | I50: 1.3 | J50: 1
B51: Mid June - July | D51: Summer/Fall | E51: 3 - Filler | F51: Yarrow | G51: =H51*(1+$F$3) -> 1.65 | H51: =AVERAGE(I51:K51) -> 1.1 | J51: 1.1
B52: May | C52: Move double plants somewhere else | D52: Spring | E52: 3 - Filler | F52: Mock Orange | G52: =H52*(1+$F$3) -> 1.95 | H52: =AVERAGE(I52:K52) -> 1.3 | I52: 1.3
B53: May | D53: Spring | E53: 3 - Filler | F53: Spirea | G53: =H53*(1+$F$3) -> 1.575 | H53: =AVERAGE(I53:K53) -> 1.05 | I53: 1.1 | J53: 1
B54: Late-July - Early September | D54: Summer/Fall | E54: 4 - Float | F54: Ageratum | G54: =H54*(1+$F$3) -> 1.95 | H54: =AVERAGE(I54:K54) -> 1.3 | I54: 1.3
B55: July | D55: Summer/Fall | E55: 4 - Float | F55: Verbena | G55: =H55*(1+$F$3) -> 1.8 | H55: =AVERAGE(I55:K55) -> 1.2 | I55: 1.2
B56: August - October | D56: Summer/Fall | E56: 4 - Float | F56: Cosmos | G56: =H56*(1+$F$3) -> 2.4 | H56: =AVERAGE(I56:K56) -> 1.6 | I56: 1.6
B57: August - September | D57: Summer/Fall | E57: 4 - Float | F57: Gomphrena | G57: =H57*(1+$F$3) -> 1.575 | H57: =AVERAGE(I57:K57) -> 1.05 | I57: 1.3 | J57: 0.8
B58: Mid-July - October | D58: Summer/Fall | E58: 4 - Float | F58: Summer Scabiosa | G58: =H58*(1+$F$3) -> 2.175 | H58: =AVERAGE(I58:K58) -> 1.45 | I58: 1.4 | J58: 1.5
B59: Mid-July - October | D59: Summer/Fall | E59: 4 - Float | F59: Zinnia (XS) | G59: =H59*(1+$F$3) -> 1.125 | H59: =AVERAGE(I59:K59) -> 0.75 | K59: 0.75
B60: May - June | D60: Spring | E60: 4 - Float | F60: Bupleurum | G60: =H60*(1+$F$3) -> 1.5 | H60: =AVERAGE(I60:K60) -> 1 | J60: 1
B61: April - May | D61: Spring | E61: 4 - Float | F61: Bleeding Heart | G61: =H61*(1+$F$3) -> 1.125 | H61: =AVERAGE(I61:K61) -> 0.75 | I61: 0.75
B62: June | D62: Spring | E62: 4 - Float | F62: Geum | G62: =H62*(1+$F$3) -> 1.695 | H62: =AVERAGE(I62:K62) -> 1.13 | I62: 1.13
B63: Mid-April - June | D63: Spring | E63: 4 - Float | F63: Iceland poppy (small) | G63: =H63*(1+$F$3) -> 1.875 | H63: =AVERAGE(I63:K63) -> 1.25 | K63: 1.25
B64: June | D64: Spring | E64: 4 - Float | F64: Nigella | G64: =H64*(1+$F$3) -> 2.7 | H64: =AVERAGE(I64:K64) -> 1.8 | J64: 1.8
B65: May - June | D65: Spring | E65: 4 - Float | F65: Bachelor's Buttons | G65: =H65*(1+$F$3) -> 1.725 | H65: =AVERAGE(I65:K65) -> 1.15 | I65: 1.1 | J65: 1.2
B66: May | D66: Spring | E66: 4 - Float | F66: Agrostemma | G66: =H66*(1+$F$3) -> 1.5 | H66: =AVERAGE(I66:K66) -> 1 | K66: 1
B67: Mid-July - October | D67: Summer/Fall | E67: 5 - Finisher | F67: Jewels of Opar | G67: =H67*(1+$F$3) -> 1.5 | H67: =AVERAGE(I67:K67) -> 1 | K67: 1
B68: June - July | C68: Grow more in OG | D68: Summer/Fall | E68: 5 - Finisher | F68: Feverfew | G68: =H68*(1+$F$3) -> 1.5 | H68: =AVERAGE(I68:K68) -> 1 | K68: 1
B69: July - October | D69: Summer/Fall | E69: 5 - Finisher | F69: Frosted Explosion Grass | G69: =H69*(1+$F$3) -> 1.8 | H69: =AVERAGE(I69:K69) -> 1.2 | I69: 1.2
B70: April - October | D70: Summer/Fall | E70: 5 - Finisher | F70: Papyrus | G70: =H70*(1+$F$3) -> 1.6125 | H70: =AVERAGE(I70:K70) -> 1.075 | I70: 1.25 | J70: 0.9
B71: Mid-July - October | D71: Summer/Fall | E71: 5 - Finisher | F71: Fennel | G71: =H71*(1+$F$3) -> 1.95 | H71: =AVERAGE(I71:K71) -> 1.3 | I71: 1.3
B72: Early May | D72: Spring | E72: 5 - Finisher | F72: Allium | G72: =H72*(1+$F$3) -> 2.625 | H72: =AVERAGE(I72:K72) -> 1.75 | K72: 1.75
B73: Mid-May | D73: Spring | E73: 5 - Finisher | F73: Dogwood Branch | G73: =H73*(1+$F$3) -> 1.8 | H73: =AVERAGE(I73:K73) -> 1.2 | I73: 1.1 | J73: 1.3
B74: May-June | C74: STOP IT, Carla to find finisher equivalent | D74: Spring | E74: 5 - Finisher | F74: Saponaria | G74: =H74*(1+$F$3) -> 3 | H74: =AVERAGE(I74:K74) -> 2 | I74: 2
B75: July - October | D75: Summer/Fall | E75: 5 - Foliage | F75: Smokebush | G75: =H75*(1+$F$3) -> 2.625 | H75: =AVERAGE(I75:K75) -> 1.75 | K75: 1.75
B76: May - July | D76: Summer/Fall | E76: 5 - Foliage | F76: Mint | G76: =H76*(1+$F$3) -> 1.875 | H76: =AVERAGE(I76:K76) -> 1.25 | I76: 1.25
B77: June-July | D77: Summer/Fall | E77: 5 - Foliage | F77: Viburnum | G77: =H77*(1+$F$3) -> 2.1 | H77: =AVERAGE(I77:K77) -> 1.4 | K77: 1.4
B78: September - October | C78: (only cut when bronze if possible) | F78: Dino Viburnum | H78: =AVERAGE(I78:K78) -> #DIV/0!
B79: Late-July - October | D79: Summer/Fall | E79: 5 - Foliage | F79: Geranium | G79: =H79*(1+$F$3) -> 2.1 | H79: =AVERAGE(I79:K79) -> 1.4 | I79: 1.5 | J79: 1.3
B80: August-October | D80: Summer/Fall | E80: 5 - Foliage | F80: Eucalyptus | G80: =H80*(1+$F$3) -> 2.1 | H80: =AVERAGE(I80:K80) -> 1.4 | I80: =14/10 -> 1.4
B81: June... August-September ?? | D81: Summer/Fall | E81: 5 - Foliage | F81: Raspberry | G81: =H81*(1+$F$3) -> 2.8125 | H81: =AVERAGE(I81:K81) -> 1.875 | I81: =22.5/10 -> 2.25 | K81: 1.5
B82: May | D82: Spring | E82: 5 - Foliage | F82: Snowberry | G82: =H82*(1+$F$3) -> 1.65 | H82: =AVERAGE(I82:K82) -> 1.1 | J82: 1.1
B83: May - June | D83: Spring | E83: 5 - Foliage | F83: Honeysuckle | G83: =H83*(1+$F$3) -> 1.95 | H83: =AVERAGE(I83:K83) -> 1.3 | I83: 1.3
B84: June | D84: Spring | E84: 5 - Foliage | F84: Bells of Ireland | G84: =H84*(1+$F$3) -> 1.65 | H84: =AVERAGE(I84:K84) -> 1.1 | J84: 1.1
B85: April-May | D85: Spring | E85: 5 - Foliage | F85: Euonymous | G85: =H85*(1+$F$3) -> 1.65 | H85: =AVERAGE(I85:K85) -> 1.1 | I85: 1.1
B86: STOP IT, leave in shade garden | D86: Spring | E86: 5 - Foliage | F86: Fern | G86: =H86*(1+$F$3) -> 2.25 | H86: =AVERAGE(I86:K86) -> 1.5 | I86: 1.5
B87: September - October | C87: Needs deer protection bc got ate and it's not a come-come again | D87: Summer/Fall | F87: Sedum | H87: =AVERAGE(I87:K87) -> #DIV/0!
B88: March - June | D88: Spring | F88: Privet | H88: =AVERAGE(I88:K88) -> #DIV/0!
B89: May | D89: Spring | F89: Snowball Viburnum | H89: =AVERAGE(I89:K89) -> #DIV/0!
B90: May-June | F90: Pansy | H90: =AVERAGE(I90:K90) -> #DIV/0!
B91: August-October | F91: Marigold | H91: =AVERAGE(I91:K91) -> #DIV/0!
B92: May-June | D92: Spring | F92: Sweet Pea | H92: =AVERAGE(I92:K92) -> #DIV/0!
B93: July-August | D93: Summer/Fall | F93: Tweedia | H93: =AVERAGE(I93:K93) -> #DIV/0!
F94: Lavender | H94: =AVERAGE(I94:K94) -> #DIV/0!
F95: Russian Sage | H95: =AVERAGE(I95:K95) -> #DIV/0!
B96: June | F96: Godetia | H96: =AVERAGE(I96:K96) -> #DIV/0!
F97: Sea Holly | H97: =AVERAGE(I97:K97) -> #DIV/0!
D100: Season | E100: Category | F100: Flower | G100: Retail Price | H100: Avg. WS Price | I100: MVFC | J100: Potomac | K100: SP Guess
D101: Summer/Fall | E101: 1 - Focal | F101: Sunflower (M-L) | G101: =H101*(1+$F$3) -> 2.985 | H101: =AVERAGE(I101:K101) -> 1.99 | J101: 1.99
D102: Summer/Fall | E102: 1 - Focal | F102: Zinnia (XL) | G102: =H102*(1+$F$3) -> 2.475 | H102: =AVERAGE(I102:K102) -> 1.65 | K102: 1.65
D103: Summer/Fall | E103: 1 - Focal | F103: Dahlia (L) | G103: =H103*(1+$F$3) -> 3.9 | H103: =AVERAGE(I103:K103) -> 2.6 | J103: 2.6
...

Sheet Sheet1
B2: Column1 | C2: Season | D2: Notes For Next Year | E2: Season2 | F2: Category | G2: Flower | H2: Column3
B3: 1 | C3: March - Early May | D3: Better watering | E3: Spring | F3: 1 - Focal | G3: Tulip - French
B4: 1 | C4: March - Early May | D4: Better watering | E4: Spring | F4: 1 - Focal | G4: Tulip - Double
B5: 1 | C5: March - Early May | D5: Better watering | E5: Spring | F5: 1 - Focal | G5: Tulip - Regular
B6: 1 | C6: Late March - June | D6: Extend season by selecting ones that are known for early vs. mid season, using the sacata guide Sharon put in Notion | E6: Spring | F6: 2 - Support | G6: Stock
B7: 1 | C7: End of March - April, maybe earlyMay?? | E7: Spring | F7: 2 - Support | G7: Baptisia
B8: 1 | C8: March - June | E8: Spring | G8: Privet
B9: 2 | C9: April - mid-June | E9: Spring | F9: 2 - Support | G9: Ranunculus
B10: 2 | C10: April - mid-June | E10: Spring | F10: 2 - Support | G10: Anemone
B11: 2 | C11: Mid-April - June | E11: Spring | F11: 2 - Support | G11: Poppy - Icelandic (M-L)
B12: 2 | C12: Mid-April - June | E12: Spring | F12: 2 - Support | G12: Daffodil
B13: 2 | C13: April | E13: Spring | F13: 2 - Support | G13: Orlaya
B14: 2 | C14: April - May | E14: Spring | F14: 4 - Float | G14: Bleeding Heart
B15: 2 | C15: Mid-April - June | E15: Spring | F15: 4 - Float | G15: Iceland poppy (small)
B16: 2 | C16: April - October | E16: Summer/Fall | F16: 5 - Finisher | G16: Papyrus
B17: 2 | C17: April-May | E17: Spring | F17: 5 - Foliage | G17: Euonymous
B18: 3 | C18: Late May - June | D18: If lucky, mid may for Mother's Day | E18: Spring | F18: 1 - Focal | G18: Peony - Coral Charm
B19: 3 | C19: Late May - June | E19: Spring | F19: 1 - Focal | G19: Peony - Dark Pink
B20: 3 | C20: Late May - June | E20: Spring | F20: 1 - Focal | G20: Peony - Pink
B21: 3 | C21: Late May - June | E21: Spring | F21: 1 - Focal | G21: Peony - Pale Pink/Blush
B22: 3 | C22: Late May - June | E22: Spring | F22: 1 - Focal | G22: Peony - White
B23: 3 | C23: End of May - Mid June | E23: Spring | F23: 2 - Support | G23: Larkspur
B24: 3 | C24: May | D24: Move double plants somewhere else | E24: Spring | F24: 3 - Filler | G24: Mock Orange
B25: 3 | C25: May | E25: Spring | F25: 3 - Filler | G25: Spirea
B26: 3 | C26: May - June | E26: Spring | F26: 4 - Float | G26: Bupleurum
B27: 3 | C27: May - June | E27: Spring | F27: 4 - Float | G27: Bachelor's Buttons
B28: 3 | C28: May | E28: Spring | F28: 4 - Float | G28: Agrostemma
B29: 3 | C29: Early May | E29: Spring | F29: 5 - Finisher | G29: Allium
B30: 3 | C30: Mid-May | E30: Spring | F30: 5 - Finisher | G30: Dogwood Branch
B31: 3 | C31: May-June | D31: STOP IT, Carla to find finisher equivalent | E31: Spring | F31: 5 - Finisher | G31: Saponaria
B32: 3 | C32: May - July | E32: Summer/Fall | F32: 5 - Foliage | G32: Mint
B33: 3 | C33: May | E33: Spring | F33: 5 - Foliage | G33: Snowberry
B34: 3 | C34: May - June | E34: Spring | F34: 5 - Foliage | G34: Honeysuckle
B35: 3 | C35: May | E35: Spring | G35: Snowball Viburnum
B36: 3 | C36: May-June | G36: Pansy
B37: 3 | C37: May-June | E37: Spring | G37: Sweet Pea
B38: 4 | C38: June - July | E38: Summer/Fall | F38: 2 - Support | G38: Queen Anne's / Ammi
B39: 4 | C39: June - July | E39: Summer/Fall | F39: 2 - Support | G39: Lupine
B40: 4 | C40: June - July... Sept - October | D40: Need more blush + white, tunneled if we want earlier, multiple successions | E40: Summer/Fall | F40: 2 - Support | G40: Snapdragon (S)
B41: 4 | C41: June - July... Sept - October | D41: Need more blush + white, tunneled if we want earlier, multiple successions | E41: Summer/Fall | F41: 2 - Support | G41: Snapdragon (L)
B42: 4 | C42: June - August (maybe September) | E42: Spring | F42: 2 - Support | G42: Delphinium
B43: 4 | C43: Early - Mid June | D43: Lets pack shade garden so less weeds!!!!!! YAY!!!!!! | E43: Spring | F43: 2 - Support | G43: Astilbe - Pale Pink
B44: 4 | C44: Early - Mid June | E44: Spring | F44: 2 - Support | G44: Astilbe - Dark Pink
B45: 4 | C45: June | D45: succession, split with someone else | E45: Spring | F45: 2 - Support | G45: Campanula
B46: 4 | C46: Mid June - July | E46: Summer/Fall | F46: 3 - Filler | G46: Yarrow
B47: 4 | C47: June | E47: Spring | F47: 4 - Float | G47: Geum
B48: 4 | C48: June | E48: Spring | F48: 4 - Float | G48: Nigella
B49: 4 | C49: June - July | D49: Grow more in OG | E49: Summer/Fall | F49: 5 - Finisher | G49: Feverfew
B50: 4 | C50: June... August-September ?? | E50: Summer/Fall | F50: 5 - Foliage | G50: Raspberry
B51: 4 | C51: June | E51: Spring | F51: 5 - Foliage | G51: Bells of Ireland
B52: 4 | C52: June | G52: Godetia
B53: 5 | C53: July - October | D53: If in June, plant white nights first, otherwise plant whites and yellows at same time for both successions | E53: Summer/Fall | F53: 1 - Focal | G53: Sunflower (M-L)
B54: 5 | C54: Mid-July - October | E54: Summer/Fall | F54: 1 - Focal | G54: Zinnia (XL)
B55: 5 | C55: July - October | E55: Summer/Fall | F55: 2 - Support | G55: Sunflower (S)
B56: 5 | C56: July - October | E56: Summer/Fall | F56: 2 - Support | G56: Strawflower
B57: 5 | C57: July - August | E57: Summer/Fall | F57: 2 - Support | G57: Echinacea
B58: 5 | C58: July - September (maybe October) | D58: Shar wants goldilocks + mini ones but we have so much already | E58: Summer/Fall | F58: 2 - Support | G58: Rudbeckia
B59: 5 | C59: July - September (maybe October) | E59: Summer/Fall | F59: 2 - Support | G59: Scabiosa (Fama)
B60: 5 | C60: Mid-July - October | E60: Summer/Fall | F60: 2 - Support | G60: Zinnia (M-L)
B61: 5 | C61: July - August... mid-Sept - October | D61: Double flush, tunneled potentially or rain cover | E61: Summer/Fall | F61: 2 - Support | G61: Lisianthus
B62: 5 | C62: Mid-July - October | E62: Summer/Fall | F62: 2 - Support | G62: Amaranth
B63: 5 | C63: July - July. | E63: Summer/Fall | F63: 3 - Filler | G63: Hydrangea (M)
B64: 5 | C64: July - July. | E64: Summer/Fall | F64: 3 - Filler | G64: Hydrangea (L-XL)
B65: 5 | C65: July | D65: Overwintered in tunnels which helped | E65: Summer/Fall | F65: 3 - Filler | G65: Statice
B66: 5 | C66: Late-July - Early September | E66: Summer/Fall | F66: 4 - Float | G66: Ageratum
B67: 5 | C67: July | E67: Summer/Fall | F67: 4 - Float | G67: Verbena
B68: 5 | C68: Mid-July - October | E68: Summer/Fall | F68: 4 - Float | G68: Summer Scabiosa
B69: 5 | C69: Mid-July - October | E69: Summer/Fall | F69: 4 - Float | G69: Zinnia (XS)
B70: 5 | C70: Mid-July - October | E70: Summer/Fall | F70: 5 - Finisher | G70: Jewels of Opar
B71: 5 | C71: July - October | E71: Summer/Fall | F71: 5 - Finisher | G71: Frosted Explosion Grass
B72: 5 | C72: Mid-July - October | E72: Summer/Fall | F72: 5 - Finisher | G72: Fennel
B73: 5 | C73: June-July | E73: Summer/Fall | F73: 5 - Foliage | G73: Viburnum
B74: 5 | C74: July - October | E74: Summer/Fall | F74: 5 - Foliage | G74: Smokebush
B75: 5 | C75: Late-July - October | E75: Summer/Fall | F75: 5 - Foliage | G75: Geranium
B76: 5 | C76: July-August | E76: Summer/Fall | G76: Tweedia
B77: 6 | C77: August - October | E77: Summer/Fall | F77: 1 - Focal | G77: Dahlia (XL)
B78: 6 | C78: August - October | E78: Summer/Fall | F78: 1 - Focal | G78: Dahlia (L)
B79: 6 | C79: August - October | E79: Summer/Fall | F79: 2 - Support | G79: Dahlia (S)
B80: 6 | C80: August - October | E80: Summer/Fall | F80: 2 - Support | G80: Dahlia (M)
B81: 6 | C81: August - October | E81: Summer/Fall | F81: 2 - Support | G81: Celosia
B82: 6 | C82: August - October | E82: Summer/Fall | F82: 4 - Float | G82: Cosmos
B83: 6 | C83: August - September | E83: Summer/Fall | F83: 4 - Float | G83: Gomphrena
B84: 6 | C84: August-October | E84: Summer/Fall | F84: 5 - Foliage | G84: Eucalyptus
B85: 6 | C85: August-October | G85: Marigold
B86: 7 | C86: September - October | D86: (only cut when bronze if possible) | G86: Dino Viburnum
B87: 7 | C87: September - October | D87: Needs deer protection bc got ate and it's not a come-come again | E87: Summer/Fall | G87: Sedum
D88: Need serious remediation | E88: Summer/Fall | F88: 2 - Support | G88: Garden Rose
D89: Aspirational | E89: Spring | F89: 2 - Support | G89: Lilac
D90: NEED MORE IN SHADE GARDEN | E90: Spring | F90: 2 - Support | G90: Hellebore
C91: STOP IT, leave in shade garden | E91: Spring | F91: 5 - Foliage | G91: Fern
G92: Lavender
G93: Russian Sage
G94: Sea Holly

Sheet LFL - Lisianthus
B1: Phlox (fill rest of rudbeckia row) | C1: Hyacinth Beans (end-August - September) | D1: Deutzia - Early May | F1: Pieris - April
B2: Indigo (September - October) | E2: Retail Markup | F2: 0.5
B4: Season | C4: Notes For Next Year | D4: Season | E4: Category | F4: Flower | G4: Retail Price | H4: Avg. WS Price | I4: MVFC | J4: Potomac | K4: SP Guess | L4: asdf
B5: July - October | C5: If in June, plant white nights first, otherwise plant whites and yellows at same time for both successions | D5: Summer/Fall | E5: 1 - Focal | F5: Sunflower (M-L) | G5: =H5*(1+$F$2) -> 2.985 | H5: =AVERAGE(I5:K5) -> 1.99 | J5: 1.99
B6: Mid-July - October | D6: Summer/Fall | E6: 1 - Focal | F6: Zinnia (XL) | G6: =H6*(1+$F$2) -> 3.3 | H6: =AVERAGE(I6:K6) -> 2.2 | K6: 2.2
B7: August - October | D7: Summer/Fall | E7: 1 - Focal | F7: Dahlia (XL) | G7: =H7*(1+$F$2) -> 6.75 | H7: =AVERAGE(I7:K7) -> 4.5 | I7: 4.5 | M7: *we charged $6 retail for single dahlia stem in bouquet on 8/23/23 - not on average for recipes
B8: August - October | D8: Summer/Fall | E8: 1 - Focal | F8: Dahlia (L) | G8: =H8*(1+$F$2) -> 3.9 | H8: =AVERAGE(I8:K8) -> 2.6 | J8: 2.6
B9: March - Early May | C9: Better watering | D9: Spring | E9: 1 - Focal | F9: Tulip - French | G9: =H9*(1+$F$2) -> 6.15 | H9: =AVERAGE(I9:K9) -> 4.1 | K9: 4.1
B10: March - Early May | C10: Better watering | D10: Spring | E10: 1 - Focal | F10: Tulip - Double | G10: =H10*(1+$F$2) -> 6.45 | H10: =AVERAGE(I10:K10) -> 4.3 | K10: 4.3
B11: March - Early May | C11: Better watering | D11: Spring | E11: 1 - Focal | F11: Tulip - Regular | G11: =H11*(1+$F$2) -> 5.9625 | H11: =AVERAGE(I11:K11) -> 3.975 | I11: 4 | J11: 3.95
B12: Late May - June | C12: If lucky, mid may for Mother's Day | D12: Spring | E12: 1 - Focal | F12: Peony - Coral Charm | G12: =H12*(1+$F$2) -> 5.9625 | H12: =AVERAGE(I12:K12) -> 3.975 | I12: 4 | J12: 3.95 | M12: *not on average for recipes
B13: Late May - June | D13: Spring | E13: 1 - Focal | F13: Peony - Dark Pink | G13: =H13*(1+$F$2) -> 6.7125 | H13: =AVERAGE(I13:K13) -> 4.475 | I13: 4 | J13: 4.95 | M13: *not on average for recipes
B14: Late May - June | D14: Spring | E14: 1 - Focal | F14: Peony - Pink | G14: =H14*(1+$F$2) -> 4.95 | H14: =AVERAGE(I14:K14) -> 3.3 | I14: 3 | J14: 3.6 | M14: *not on average for recipes
B15: Late May - June | D15: Spring | E15: 1 - Focal | F15: Peony - Pale Pink/Blush | G15: =H15*(1+$F$2) -> 5.9625 | H15: =AVERAGE(I15:K15) -> 3.975 | I15: 4 | J15: 3.95 | M15: *not on average for recipes
B16: Late May - June | D16: Spring | E16: 1 - Focal | F16: Peony - White | G16: =H16*(1+$F$2) -> 4.9875 | H16: =AVERAGE(I16:K16) -> 3.325 | I16: 3 | J16: 3.65 | M16: *not on average for recipes
B17: July - October | D17: Summer/Fall | E17: 2 - Support | F17: Sunflower (S) | G17: =H17*(1+$F$2) -> 1.5 | H17: =AVERAGE(I17:K17) -> 1 | J17: 1
C18: Need serious remediation | D18: Summer/Fall | E18: 2 - Support | F18: Garden Rose | G18: =H18*(1+$F$2) -> 2.685 | H18: =AVERAGE(I18:K18) -> 1.79 | J18: 1.79
B19: August - October | D19: Summer/Fall | E19: 2 - Support | F19: Dahlia (S) | G19: =H19*(1+$F$2) -> 3.15 | H19: =AVERAGE(I19:K19) -> 2.1 | K19: 2.1
B20: August - October | D20: Summer/Fall | E20: 2 - Support | F20: Dahlia (M) | G20: =H20*(1+$F$2) -> 4.5 | H20: =AVERAGE(I20:K20) -> 3 | I20: 3
B21: July - October | D21: Summer/Fall | E21: 2 - Support | F21: Strawflower | G21: =H21*(1+$F$2) -> 2.1 | H21: =AVERAGE(I21:K21) -> 1.4 | I21: 1.4
B22: June - July | D22: Summer/Fall | E22: 2 - Support | F22: Queen Anne's / Ammi | G22: =H22*(1+$F$2) -> 1.875 | H22: =AVERAGE(I22:K22) -> 1.25 | I22: 1.3 | J22: 1.2
B23: July - August | D23: Summer/Fall | E23: 2 - Support | F23: Echinacea | G23: =H23*(1+$F$2) -> 1.5 | H23: =AVERAGE(I23:K23) -> 1 | K23: 1
B24: July - September (maybe October) | C24: Shar wants goldilocks + mini ones but we have so much already | D24: Summer/Fall | E24: 2 - Support | F24: Rudbeckia | G24: =H24*(1+$F$2) -> 1.8 | H24: =AVERAGE(I24:K24) -> 1.2 | I24: 1.4 | K24: 1
B25: July - September (maybe October) | D25: Summer/Fall | E25: 2 - Support | F25: Scabiosa (Fama) | G25: =H25*(1+$F$2) -> 2.1 | H25: =AVERAGE(I25:K25) -> 1.4 | K25: 1.4
B26: Mid-July - October | D26: Summer/Fall | E26: 2 - Support | F26: Zinnia (M-L) | G26: =H26*(1+$F$2) -> 1.65 | H26: =AVERAGE(I26:K26) -> 1.1 | I26: 1.2 | K26: 1
B27: July - August... mid-Sept - October | C27: Double flush, tunneled potentially or rain cover | D27: Summer/Fall | E27: 2 - Support | F27: Lisianthus | G27: =H27*(1+$F$2) -> 3.35625 | H27: =AVERAGE(I27:K27) -> 2.2375 | I27: =17.25/10 -> 1.725 | J27: 2.75
B28: June - July | D28: Summer/Fall | E28: 2 - Support | F28: Lupine | G28: =H28*(1+$F$2) -> 2.5875 | H28: =AVERAGE(I28:K28) -> 1.725 | I28: 1.55 | J28: 1.9
B29: June - July... Sept - October | C29: Need more blush + white, tunneled if we want earlier, multiple successions | D29: Summer/Fall | E29: 2 - Support | F29: Snapdragon (S) | G29: =H29*(1+$F$2) -> 2.4 | H29: =AVERAGE(I29:K29) -> 1.6 | J29: 1.6
B30: June - July... Sept - October | C30: Need more blush + white, tunneled if we want earlier, multiple successions | D30: Summer/Fall | E30: 2 - Support | F30: Snapdragon (L) | G30: =H30*(1+$F$2) -> 3.6 | H30: =AVERAGE(I30:K30) -> 2.4 | J30: 2.4
B31: Mid-July - October | D31: Summer/Fall | E31: 2 - Support | F31: Amaranth | G31: =H31*(1+$F$2) -> 2.2575 | H31: =AVERAGE(I31:K31) -> 1.505 | I31: 1.3 | J31: 1.71
B32: August - October | D32: Summer/Fall | E32: 2 - Support | F32: Celosia | G32: =H32*(1+$F$2) -> 2.4 | H32: =AVERAGE(I32:K32) -> 1.6 | I32: 1.4 | J32: 1.8
B33: April - mid-June | D33: Spring | E33: 2 - Support | F33: Ranunculus | G33: =H33*(1+$F$2) -> 3.075 | H33: =AVERAGE(I33:K33) -> 2.05 | J33: 2.05
B34: April - mid-June | D34: Spring | E34: 2 - Support | F34: Anemone | G34: =H34*(1+$F$2) -> 2.85 | H34: =AVERAGE(I34:K34) -> 1.9 | J34: 1.9
B35: Mid-April - June | D35: Spring | E35: 2 - Support | F35: Poppy - Icelandic (M-L) | G35: =H35*(1+$F$2) -> 2.25 | H35: =AVERAGE(I35:K35) -> 1.5 | K35: =15/10 -> 1.5
B36: Mid-April - June | D36: Spring | E36: 2 - Support | F36: Daffodil | G36: =H36*(1+$F$2) -> 1.425 | H36: =AVERAGE(I36:K36) -> 0.95 | K36: =9.5/10 -> 0.95
B37: April | D37: Spring | E37: 2 - Support | F37: Orlaya | G37: =H37*(1+$F$2) -> 1.5 | H37: =AVERAGE(I37:K37) -> 1 | I37: 1.1 | J37: 0.9
B38: Late March - June | C38: Extend season by selecting ones that are known for early vs. mid season, using the sacata guide Sharon put in Notion | D38: Spring | E38: 2 - Support | F38: Stock | G38: =H38*(1+$F$2) -> 2.175 | H38: =AVERAGE(I38:K38) -> 1.45 | I38: 1.4 | J38: 1.5
B39: June - August (maybe September) | D39: Spring | E39: 2 - Support | F39: Delphinium | G39: =H39*(1+$F$2) -> 2.55 | H39: =AVERAGE(I39:K39) -> 1.7 | I39: 1.4 | J39: 2
B40: Early - Mid June | C40: Lets pack shade garden so less weeds!!!!!! YAY!!!!!! | D40: Spring | E40: 2 - Support | F40: Astilbe - Pale Pink | G40: =H40*(1+$F$2) -> 1.6875 | H40: =AVERAGE(I40:K40) -> 1.125 | I40: 0.75 | J40: 1.5
B41: Early - Mid June | D41: Spring | E41: 2 - Support | F41: Astilbe - Dark Pink | G41: =H41*(1+$F$2) -> 1.875 | H41: =AVERAGE(I41:K41) -> 1.25 | I41: 1.1 | J41: 1.4
B42: June | C42: succession, split with someone else | D42: Spring | E42: 2 - Support | F42: Campanula | G42: =H42*(1+$F$2) -> 2.2125 | H42: =AVERAGE(I42:K42) -> 1.475 | I42: 1.25 | J42: 1.7
B43: End of May - Mid June | D43: Spring | E43: 2 - Support | F43: Larkspur | G43: =H43*(1+$F$2) -> 1.95 | H43: =AVERAGE(I43:K43) -> 1.3 | J43: 1.3
C44: Aspirational | D44: Spring | E44: 2 - Support | F44: Lilac | G44: =H44*(1+$F$2) -> 3 | H44: =AVERAGE(I44:K44) -> 2 | K44: 2
C45: NEED MORE IN SHADE GARDEN | D45: Spring | E45: 2 - Support | F45: Hellebore | G45: =H45*(1+$F$2) -> 3 | H45: =AVERAGE(I45:K45) -> 2 | K45: 2
B46: End of March - April, maybe earlyMay?? | D46: Spring | E46: 2 - Support | F46: Baptisia | G46: =H46*(1+$F$2) -> 2.7 | H46: =AVERAGE(I46:K46) -> 1.8 | I46: 1.8
B47: July - July. | D47: Summer/Fall | E47: 3 - Filler | F47: Hydrangea (M) | G47: =H47*(1+$F$2) -> 4.1175 | H47: =AVERAGE(I47:K47) -> 2.745 | I47: 2.5 | J47: 2.99
B48: July - July. | D48: Summer/Fall | E48: 3 - Filler | F48: Hydrangea (L-XL) | G48: =H48*(1+$F$2) -> 7.485 | H48: =AVERAGE(I48:K48) -> 4.99 | J48: 4.99
B49: July | C49: Overwintered in tunnels which helped | D49: Summer/Fall | E49: 3 - Filler | F49: Statice | G49: =H49*(1+$F$2) -> 1.725 | H49: =AVERAGE(I49:K49) -> 1.15 | I49: 1.3 | J49: 1
B50: Mid June - July | D50: Summer/Fall | E50: 3 - Filler | F50: Yarrow | G50: =H50*(1+$F$2) -> 1.65 | H50: =AVERAGE(I50:K50) -> 1.1 | J50: 1.1
B51: May | C51: Move double plants somewhere else | D51: Spring | E51: 3 - Filler | F51: Mock Orange | G51: =H51*(1+$F$2) -> 1.95 | H51: =AVERAGE(I51:K51) -> 1.3 | I51: 1.3
B52: May | D52: Spring | E52: 3 - Filler | F52: Spirea | G52: =H52*(1+$F$2) -> 1.575 | H52: =AVERAGE(I52:K52) -> 1.05 | I52: 1.1 | J52: 1
B53: Late-July - Early September | D53: Summer/Fall | E53: 4 - Float | F53: Ageratum | G53: =H53*(1+$F$2) -> 1.95 | H53: =AVERAGE(I53:K53) -> 1.3 | I53: 1.3
B54: July | D54: Summer/Fall | E54: 4 - Float | F54: Verbena | G54: =H54*(1+$F$2) -> 1.8 | H54: =AVERAGE(I54:K54) -> 1.2 | I54: 1.2
B55: August - October | D55: Summer/Fall | E55: 4 - Float | F55: Cosmos | G55: =H55*(1+$F$2) -> 2.4 | H55: =AVERAGE(I55:K55) -> 1.6 | I55: 1.6
B56: August - September | D56: Summer/Fall | E56: 4 - Float | F56: Gomphrena | G56: =H56*(1+$F$2) -> 1.575 | H56: =AVERAGE(I56:K56) -> 1.05 | I56: 1.3 | J56: 0.8
B57: Mid-July - October | D57: Summer/Fall | E57: 4 - Float | F57: Summer Scabiosa | G57: =H57*(1+$F$2) -> 2.175 | H57: =AVERAGE(I57:K57) -> 1.45 | I57: 1.4 | J57: 1.5
B58: Mid-July - October | D58: Summer/Fall | E58: 4 - Float | F58: Zinnia (XS) | G58: =H58*(1+$F$2) -> 1.125 | H58: =AVERAGE(I58:K58) -> 0.75 | K58: 0.75
B59: May - June | D59: Spring | E59: 4 - Float | F59: Bupleurum | G59: =H59*(1+$F$2) -> 1.5 | H59: =AVERAGE(I59:K59) -> 1 | J59: 1
B60: April - May | D60: Spring | E60: 4 - Float | F60: Bleeding Heart | G60: =H60*(1+$F$2) -> 1.125 | H60: =AVERAGE(I60:K60) -> 0.75 | I60: 0.75
B61: June | D61: Spring | E61: 4 - Float | F61: Geum | G61: =H61*(1+$F$2) -> 1.695 | H61: =AVERAGE(I61:K61) -> 1.13 | I61: 1.13
B62: Mid-April - June | D62: Spring | E62: 4 - Float | F62: Iceland poppy (small) | G62: =H62*(1+$F$2) -> 1.875 | H62: =AVERAGE(I62:K62) -> 1.25 | K62: 1.25
B63: June | D63: Spring | E63: 4 - Float | F63: Nigella | G63: =H63*(1+$F$2) -> 2.7 | H63: =AVERAGE(I63:K63) -> 1.8 | J63: 1.8
B64: May - June | D64: Spring | E64: 4 - Float | F64: Bachelor's Buttons | G64: =H64*(1+$F$2) -> 1.725 | H64: =AVERAGE(I64:K64) -> 1.15 | I64: 1.1 | J64: 1.2
B65: May | D65: Spring | E65: 4 - Float | F65: Agrostemma | G65: =H65*(1+$F$2) -> 1.5 | H65: =AVERAGE(I65:K65) -> 1 | K65: 1
B66: Mid-July - October | D66: Summer/Fall | E66: 5 - Finisher | F66: Jewels of Opar | G66: =H66*(1+$F$2) -> 1.5 | H66: =AVERAGE(I66:K66) -> 1 | K66: 1
B67: June - July | C67: Grow more in OG | D67: Summer/Fall | E67: 5 - Finisher | F67: Feverfew | G67: =H67*(1+$F$2) -> 1.5 | H67: =AVERAGE(I67:K67) -> 1 | K67: 1
B68: July - October | D68: Summer/Fall | E68: 5 - Finisher | F68: Frosted Explosion Grass | G68: =H68*(1+$F$2) -> 1.8 | H68: =AVERAGE(I68:K68) -> 1.2 | I68: 1.2
B69: April - October | D69: Summer/Fall | E69: 5 - Finisher | F69: Papyrus | G69: =H69*(1+$F$2) -> 1.6125 | H69: =AVERAGE(I69:K69) -> 1.075 | I69: 1.25 | J69: 0.9
B70: Mid-July - October | D70: Summer/Fall | E70: 5 - Finisher | F70: Fennel | G70: =H70*(1+$F$2) -> 1.95 | H70: =AVERAGE(I70:K70) -> 1.3 | I70: 1.3
B71: Early May | D71: Spring | E71: 5 - Finisher | F71: Allium | G71: =H71*(1+$F$2) -> 2.625 | H71: =AVERAGE(I71:K71) -> 1.75 | K71: 1.75
B72: Mid-May | D72: Spring | E72: 5 - Finisher | F72: Dogwood Branch | G72: =H72*(1+$F$2) -> 1.8 | H72: =AVERAGE(I72:K72) -> 1.2 | I72: 1.1 | J72: 1.3
B73: May-June | C73: STOP IT, Carla to find finisher equivalent | D73: Spring | E73: 5 - Finisher | F73: Saponaria | G73: =H73*(1+$F$2) -> 3 | H73: =AVERAGE(I73:K73) -> 2 | I73: 2
B74: July - October | D74: Summer/Fall | E74: 5 - Foliage | F74: Smokebush | G74: =H74*(1+$F$2) -> 2.625 | H74: =AVERAGE(I74:K74) -> 1.75 | K74: 1.75
B75: May - July | D75: Summer/Fall | E75: 5 - Foliage | F75: Mint | G75: =H75*(1+$F$2) -> 1.875 | H75: =AVERAGE(I75:K75) -> 1.25 | I75: 1.25
B76: June-July | D76: Summer/Fall | E76: 5 - Foliage | F76: Viburnum | G76: =H76*(1+$F$2) -> 2.1 | H76: =AVERAGE(I76:K76) -> 1.4 | K76: 1.4
B77: September - October | C77: (only cut when bronze if possible) | F77: Dino Viburnum | H77: =AVERAGE(I77:K77) -> #DIV/0!
B78: Late-July - October | D78: Summer/Fall | E78: 5 - Foliage | F78: Geranium | G78: =H78*(1+$F$2) -> 2.1 | H78: =AVERAGE(I78:K78) -> 1.4 | I78: 1.5 | J78: 1.3
B79: August-October | D79: Summer/Fall | E79: 5 - Foliage | F79: Eucalyptus | G79: =H79*(1+$F$2) -> 2.1 | H79: =AVERAGE(I79:K79) -> 1.4 | I79: =14/10 -> 1.4
B80: June... August-September ?? | D80: Summer/Fall | E80: 5 - Foliage | F80: Raspberry | G80: =H80*(1+$F$2) -> 2.8125 | H80: =AVERAGE(I80:K80) -> 1.875 | I80: =22.5/10 -> 2.25 | K80: 1.5
B81: May | D81: Spring | E81: 5 - Foliage | F81: Snowberry | G81: =H81*(1+$F$2) -> 1.65 | H81: =AVERAGE(I81:K81) -> 1.1 | J81: 1.1
B82: May - June | D82: Spring | E82: 5 - Foliage | F82: Honeysuckle | G82: =H82*(1+$F$2) -> 1.95 | H82: =AVERAGE(I82:K82) -> 1.3 | I82: 1.3
B83: June | D83: Spring | E83: 5 - Foliage | F83: Bells of Ireland | G83: =H83*(1+$F$2) -> 1.65 | H83: =AVERAGE(I83:K83) -> 1.1 | J83: 1.1
B84: April-May | D84: Spring | E84: 5 - Foliage | F84: Euonymous | G84: =H84*(1+$F$2) -> 1.65 | H84: =AVERAGE(I84:K84) -> 1.1 | I84: 1.1
B85: STOP IT, leave in shade garden | D85: Spring | E85: 5 - Foliage | F85: Fern | G85: =H85*(1+$F$2) -> 2.25 | H85: =AVERAGE(I85:K85) -> 1.5 | I85: 1.5
B86: September - October | C86: Needs deer protection bc got ate and it's not a come-come again | D86: Summer/Fall | F86: Sedum | H86: =AVERAGE(I86:K86) -> #DIV/0!
B87: March - June | D87: Spring | F87: Privet | H87: =AVERAGE(I87:K87) -> #DIV/0!
B88: May | D88: Spring | F88: Snowball Viburnum | H88: =AVERAGE(I88:K88) -> #DIV/0!
B89: May-June | F89: Pansy | H89: =AVERAGE(I89:K89) -> #DIV/0!
B90: August-October | F90: Marigold | H90: =AVERAGE(I90:K90) -> #DIV/0!
B91: May-June | D91: Spring | F91: Sweet Pea | H91: =AVERAGE(I91:K91) -> #DIV/0!
B92: July-August | D92: Summer/Fall | F92: Tweedia | H92: =AVERAGE(I92:K92) -> #DIV/0!
F93: Lavender | H93: =AVERAGE(I93:K93) -> #DIV/0!
F94: Russian Sage | H94: =AVERAGE(I94:K94) -> #DIV/0!
B95: June | F95: Godetia | H95: =AVERAGE(I95:K95) -> #DIV/0!
F96: Sea Holly | H96: =AVERAGE(I96:K96) -> #DIV/0!
D99: Season | E99: Category | F99: Flower | G99: Retail Price | H99: Avg. WS Price | I99: MVFC | J99: Potomac | K99: SP Guess
D100: Summer/Fall | E100: 1 - Focal | F100: Sunflower (M-L) | G100: =H100*(1+$F$2) -> 2.985 | H100: =AVERAGE(I100:K100) -> 1.99 | J100: 1.99
D101: Summer/Fall | E101: 1 - Focal | F101: Zinnia (XL) | G101: =H101*(1+$F$2) -> 2.475 | H101: =AVERAGE(I101:K101) -> 1.65 | K101: 1.65
D102: Summer/Fall | E102: 1 - Focal | F102: Dahlia (L) | G102: 4.5 | H102: =AVERAGE(I102:K102) -> 2.6 | J102: 2.6
D103: Spring | E103: 1 - Focal | F103: Tulip - French | G103: =H103*(1+$F$2) -> 6.15 | H103: =AVERAGE(I103:K103) -> 4.1 | K103: 4.1
...

Sheet Lauren's Conclusions
B2: SUMMER/FALL | C2: Retail | D2: Wholesale
B3: Focal Average Price | C3: 3.12 | D3: 3.07
B4: Support Average Price | C4: 2.47 | D4: 1.63
B5: Filler Average Price | C5: 3.08 | D5: 1.73
B6: Float Average Price | C6: 1.81 | D6: 1.21
B7: Finisher Average Price | C7: 1.67 | D7: 1.12
B8: Foliage Average Price | C8: 2.27 | D8: 1.51
B11: We've used the following recipe for signature bouquets priced at $49.99
B13: Category | C13: Stem Count | D13: Avg. Stem Price | E13: Total
B14: Focals | C14: 4 | D14: 4 | E14: =C14*D14 -> 16
B15: Supports | C15: 6 | D15: 2.3 | E15: =C15*D15 -> 13.8
B16: Floats | C16: 3 | D16: 3 | E16: =C16*D16 -> 9
B17: Fillers | C17: 4 | D17: 1.25 | E17: =C17*D17 -> 5
B18: Foliages | C18: 3 | D18: 1.7 | E18: =C18*D18 -> 5.1
B19: TOTALS | C19: =SUM(C14:C18) -> 20 | E19: =SUM(E14:E18) -> 48.9
B21: In the future, we'd need to update to this to ensure we're consistent with Sharon's spreadsheet... and I think this will make bouquets feels too small. 16 stems for $50 feels kind of insane - that's on averag $3/stem. This week, for example, we'll have only sunflowers as a focal because very few large dahlias available and no large zinnias. I'll be adjusting significantly to ensure bouquets are large enough using more support flowers.
B24: Category | C24: Stem Count | D24: Avg. Stem Price
B25: Focals | C25: 4 | D25: 3.12 | E25: =C25*D25 -> 12.48
B26: Supports | C26: 5 | D26: 2.47 | E26: =C26*D26 -> 12.35
B27: Floats | C27: 3 | D27: 3.08 | E27: =C27*D27 -> 9.24
B28: Fillers | C28: 3 | D28: 1.81 | E28: =C28*D28 -> 5.43
B29: Finishers | C29: 1 | D29: 1.67 | E29: =C29*D29 -> 1.67
B30: Foliages | C30: 3 | D30: 2.27 | E30: =C30*D30 -> 6.81
B31: TOTALS | C31: =SUM(C25:C30) -> 19 | D31: =SUM(D25:D30) -> 14.42 | E31: =SUM(E25:E30) -> 47.98
B33: We've used the following recipe for mixed bouquets priced at $34.50
B35: Category | C35: Stem Count | D35: Avg. Stem Price | E35: Total
B36: Focals | C36: 4 | D36: 2.2 | E36: =C36*D36 -> 8.8
B37: Supports | C37: 5 | D37: 1.9 | E37: =C37*D37 -> 9.5
B38: Floats | C38: 3 | D38: 1 | E38: =C38*D38 -> 3
B39: Fillers | C39: 4 | D39: 1.5 | E39: =C39*D39 -> 6
B40: Foliages | C40: 3 | D40: 1.7 | E40: =C40*D40 -> 5.1
B41: TOTALS | C41: =SUM(C36:C40) -> 19 | E41: =SUM(E36:E40) -> 32.4
B44: A mixed bouquet using the spreadsheet pricing is not even possible in my opinion, we need to update our spreadsheet to some adjusted pricing
B47: Category | C47: Stem Count | D47: Avg. Stem Price
B48: Focals | C48: 3 | D48: 3.12 | E48: =C48*D48 -> 9.36
B49: Foundation | C49: 3 | D49: 2.47 | E49: =C49*D49 -> 7.41
B50: Floats | C50: 2 | D50: 1.81 | E50: =C50*D50 -> 3.62
B51: Fillers | C51: 2 | D51: 2.18 | E51: =C51*D51 -> 4.36
B52: Finishers | C52: 1 | D52: 2.2 | E52: =C52*D52 -> 2.2
B53: Foliages | C53: 3 | D53: 2.27 | E53: =C53*D53 -> 6.81
B54: TOTALS | C54: =SUM(C48:C53) -> 14 | D54: =SUM(D48:D53) -> 14.05 | E54: =SUM(E48:E53) -> 33.76
B57: HYPOTHETICALLY, one of the simpler bouquets we've discussed with just 3/4 FILLER varieties would be possible for $34.50, although the goal would be that it's cheaper and we sold the following recipe for $27.50 at market earlier this year
B59: Category | C59: Stem Count | D59: Avg. Stem Price
B60: Strawflower | C60: 5 | D60: 2.1 | E60: =C60*D60 -> 10.5
B61: Feverfew | C61: 4 | D61: 1.5 | E61: =C61*D61 -> 6
B62: Yarrow | C62: 4 | D62: 1.65 | E62: =C62*D62 -> 6.6
B63: Explosion Grass | C63: 2 | D63: 1.8 | E63: =C63*D63 -> 3.6
C64: 3 | D64: 2.13 | E64: =C64*D64 -> 6.39
B65: TOTALS | C65: =SUM(C60:C64) -> 18 | E65: =SUM(E60:E64) -> 33.09

Sheet Recipe Template
B2: FINAL COUNTS | E2: RECIPE 1 | H2: RECIPE 2 | K2: RECIPE 3 | N2: STRAIGHT #1 | Q2: STRAIGHT #2 | T2: STRAIGHT #3 | W2: STRAIGHT #4
E3: # of Bouqs | F3: Total Cost | H3: # of Bouqs | I3: Total Cost | K3: # of Bouqs | L3: Total Cost | N3: # of Bouqs | O3: Total Cost | Q3: # of Bouqs | R3: Total Cost | T3: # of Bouqs | U3: Total Cost | W3: # of Bouqs | X3: Total Cost
E4: 0 | F4: =SUM(F7:F49) -> 0 | H4: 0 | I4: =SUM(I7:I49) -> 0 | K4: 0 | L4: =SUM(L7:L49) -> 0 | N4: 10 | O4: =SUM(O7:O49) -> 0 | Q4: 15 | R4: =SUM(R7:R49) -> 0 | T4: 15 | U4: =SUM(U7:U49) -> 0 | W4: 15 | X4: =SUM(X7:X49) -> 0
B6: Focals (3) | C6: Final Cut | E6: Stem # | F6: Cost | H6: Stem # | I6: Cost | K6: Stem # | L6: Cost | N6: Stem # | O6: Cost | Q6: Stem # | R6: Cost | T6: Stem # | U6: Cost | W6: Stem # | X6: Cost
B7: Dahlia (L) | C7: =(E7*E4)+(H7*H4)+(K7*K4) -> 0 | E7: 0 | F7: =E7*C54 -> 0 | H7: 0 | I7: =H7*C54 -> 0 | K7: 0 | L7: =K7*C54 -> 0 | N7: 0 | O7: =N7*F54 -> 0 | Q7: 0 | R7: =Q7*I54 -> 0 | T7: 0 | U7: =T7*L54 -> 0 | W7: 0 | X7: =W7*O54 -> 0
B8: Sunflower (L) | C8: =(E8*E4)+(H8+H4)+(K8+K4) -> 0 | E8: 0 | F8: =E8*C54 -> 0 | H8: 0 | I8: =H8*C54 -> 0 | K8: 0 | L8: =K8*C54 -> 0 | N8: 0 | O8: =N8*F54 -> 0 | Q8: 0 | R8: =Q8*I54 -> 0 | T8: 0 | U8: =T8*L54 -> 0 | W8: 0 | X8: =W8*O54 -> 0
B9: Zinnia (L) | C9: =(E9*E4)+(H9*H4)+(K9*K4) -> 0 | E9: 0 | F9: =E9*C54 -> 0 | H9: 0 | I9: =H9*C54 -> 0 | K9: 0 | L9: =K9*C54 -> 0 | N9: 0 | O9: =N9*F54 -> 0 | Q9: 0 | R9: =Q9*I54 -> 0 | T9: 0 | U9: =T9*L54 -> 0 | W9: 0 | X9: =W9*O54 -> 0
B10: Delphinium | C10: =(E10*E4)+(H10*H4)+(K10*K4) -> 0 | E10: 0 | F10: =E10*C56 -> 0 | H10: 0 | I10: =H10*C56 -> 0 | K10: 0 | L10: =K10*C56 -> 0 | N10: 0.5 | O10: =N10*F56 -> 0 | Q10: 0.5 | R10: =Q10*I56 -> 0 | T10: 0.5 | U10: =T10*L56 -> 0 | W10: 0.5 | X10: =W10*O56 -> 0
B12: Fillers (2) | E12: Stem # | F12: Cost | H12: Stem # | I12: Cost | K12: Stem # | L12: Cost | N12: Stem # | O12: Cost | Q12: Stem # | R12: Cost | T12: Stem # | U12: Cost | W12: Stem # | X12: Cost
B13: Lime Light | C13: =(E13*E4)+(H13*H4)+(K13*K4) -> 0 | E13: 0 | F13: =E13*C55 -> 0 | H13: 0 | I13: =H13*C55 -> 0 | K13: 0 | L13: =K13*C55 -> 0 | N13: 7 | O13: =N13*F55 -> 0 | Q13: 1 | R13: =Q13*I55 -> 0 | T13: 1 | U13: =T13*L55 -> 0 | W13: 1 | X13: =W13*O55 -> 0
B14: Statice | C14: =(E14*E4)+(H14*H4)+(K14*K4) -> 0 | E14: 0 | F14: =E14*C55 -> 0 | H14: 0 | I14: =H14*C55 -> 0 | K14: 0 | L14: =K14*C55 -> 0 | N14: 0 | O14: =N14*F55 -> 0 | Q14: 0 | R14: =Q14*I55 -> 0 | T14: 0 | U14: =T14*L55 -> 0 | W14: 0 | X14: =W14*O55 -> 0
B15: Yarrow | C15: =(E15*E4)+(H15*H4)+(K15*K4) -> 0 | E15: 0 | F15: =E15*C55 -> 0 | H15: 0 | I15: =H15*C55 -> 0 | K15: 0 | L15: =K15*C55 -> 0 | N15: 0 | O15: =N15*F55 -> 0 | Q15: 0 | R15: =Q15*I55 -> 0 | T15: 0 | U15: =T15*L55 -> 0 | W15: 0 | X15: =W15*O55 -> 0
B16: Feverfew | C16: =(E16*E4)+(H16*H4)+(K16*K4) -> 0 | E16: 0 | F16: =E16*C55 -> 0 | H16: 0 | I16: =H16*C55 -> 0 | K16: 0 | L16: =K16*C55 -> 0 | N16: 0 | O16: =N16*F55 -> 0 | Q16: 0 | R16: =Q16*I55 -> 0 | T16: 0 | U16: =T16*L55 -> 0 | W16: 0 | X16: =W16*O55 -> 0
B18: Foundations (3) | E18: Stem # | F18: Cost | H18: Stem # | I18: Cost | K18: Stem # | L18: Cost | N18: Stem # | O18: Cost | Q18: Stem # | R18: Cost | T18: Stem # | U18: Cost | W18: Stem # | X18: Cost
B19: Dahlia (S-M) | C19: =(E19*E4)+(H19*H4)+(K19*K4) -> 0 | E19: 0 | F19: =E19*C56 -> 0 | H19: 0 | I19: =H19*C56 -> 0 | K19: 0 | L19: =K19*C56 -> 0 | N19: 0 | O19: =N19*F56 -> 0 | Q19: 0 | R19: =Q19*I56 -> 0 | T19: 0 | U19: =T19*L56 -> 0 | W19: 0 | X19: =W19*O56 -> 0
B20: Lisianthus | C20: =(E20*E4)+(H20*H4)+(K20*K4) -> 0 | E20: 0 | F20: =E20*C56 -> 0 | H20: 0 | I20: =H20*C56 -> 0 | K20: 0 | L20: =K20*C56 -> 0 | N20: 1 | O20: =N20*F56 -> 0 | Q20: 1 | R20: =Q20*I56 -> 0 | T20: 1 | U20: =T20*L56 -> 0 | W20: 1 | X20: =W20*O56 -> 0
B21: Sunflower (S) | C21: =(E21*E4)+(H21*H4)+(K21*K4) -> 0 | E21: 0 | F21: =E21*C56 -> 0 | H21: 0 | I21: =H21*C56 -> 0 | K21: 0 | L21: =K21*C56 -> 0 | N21: 1 | O21: =N21*F56 -> 0 | Q21: 1 | R21: =Q21*I56 -> 0 | T21: 1 | U21: =T21*L56 -> 0 | W21: 1 | X21: =W21*O56 -> 0
B22: Zinnia (M) | C22: =(E22*E4)+(H22*H4)+(K22*K4) -> 0 | E22: 0 | F22: =E22*C56 -> 0 | H22: 0 | I22: =H22*C56 -> 0 | K22: 0 | L22: =K22*C56 -> 0 | N22: 4 | O22: =N22*F56 -> 0 | Q22: 4 | R22: =Q22*I56 -> 0 | T22: 4 | U22: =T22*L56 -> 0 | W22: 4 | X22: =W22*O56 -> 0
B23: Lupine | C23: =(E23*E4)+(H23*H4)+(K23*K4) -> 0 | E23: 0 | F23: =E23*C56 -> 0 | H23: 0 | I23: =H23*C56 -> 0 | K23: 0 | L23: =K23*C56 -> 0 | N23: 0 | O23: =N23*F56 -> 0 | Q23: 0 | R23: =Q23*I56 -> 0 | T23: 0 | U23: =T23*L56 -> 0 | W23: 0 | X23: =W23*O56 -> 0
B24: Fama Scabiosa | C24: =(E24*E4)+(H24*H4)+(K24*K4) -> 0 | E24: 0 | F24: =E24*C56 -> 0 | H24: 0 | I24: =H24*C56 -> 0 | K24: 0 | L24: =K24*C56 -> 0 | N24: 0.5 | O24: =N24*F56 -> 0 | Q24: 0.5 | R24: =Q24*I56 -> 0 | T24: 0.5 | U24: =T24*L56 -> 0 | W24: 0.5 | X24: =W24*O56 -> 0
B26: Floats (2) | E26: Stem # | F26: Cost | H26: Stem # | I26: Cost | K26: Stem # | L26: Cost | N26: Stem # | O26: Cost | Q26: Stem # | R26: Cost | T26: Stem # | U26: Cost | W26: Stem # | X26: Cost
B27: Summer Scabiosa | C27: =(E27*E4)+(H27*H4)+(K27*K4) -> 0 | E27: 0 | F27: =E27*C57 -> 0 | H27: 0 | I27: =H27*C57 -> 0 | K27: 0 | L27: =K27*C57 -> 0 | N27: 1 | O27: =N27*F57 -> 0 | Q27: 1 | R27: =Q27*I57 -> 0 | T27: 1 | U27: =T27*L57 -> 0 | W27: 1 | X27: =W27*O57 -> 0
B28: Cosmos | C28: =(E28*E4)+(H28*H4)+(K28*K4) -> 0 | E28: 0 | F28: =E28*C57 -> 0 | H28: 0 | I28: =H28*C57 -> 0 | K28: 0 | L28: =K28*C57 -> 0 | N28: 2 | O28: =N28*F57 -> 0 | Q28: 2 | R28: =Q28*I57 -> 0 | T28: 2 | U28: =T28*L57 -> 0 | W28: 2 | X28: =W28*O57 -> 0
B29: Gomphrena | C29: =(E29*E4)+(H29*H4)+(K29*K4) -> 0 | E29: 0 | F29: =E29*C57 -> 0 | H29: 0 | I29: =H29*C57 -> 0 | K29: 0 | L29: =K29*C57 -> 0 | N29: 0.5 | O29: =N29*F57 -> 0 | Q29: 0.5 | R29: =Q29*I57 -> 0 | T29: 0.5 | U29: =T29*L57 -> 0 | W29: 0.5 | X29: =W29*O57 -> 0
B30: Carnations | C30: =(E30*E4)+(H30*H4)+(K30*K4) -> 0 | E30: 0 | F30: =E30*C57 -> 0 | H30: 0 | I30: =H30*C57 -> 0 | K30: 0 | L30: =K30*C57 -> 0 | N30: 0 | O30: =N30*F57 -> 0 | Q30: 0 | R30: =Q30*I57 -> 0 | T30: 0 | U30: =T30*L57 -> 0 | W30: 0 | X30: =W30*O57 -> 0
B31: Ageratum | C31: =(E31*E4)+(H31*H4)+(K31*K4) -> 0 | E31: 0 | F31: =E31*C57 -> 0 | H31: 0 | I31: =H31*C57 -> 0 | K31: 0 | L31: =K31*C57 -> 0 | N31: 0.5 | O31: =N31*F57 -> 0 | Q31: 0.5 | R31: =Q31*I57 -> 0 | T31: 0.5 | U31: =T31*L57 -> 0 | W31: 0.5 | X31: =W31*O57 -> 0
B32: Bunny Tail | C32: =(E32*E4)+(H32*H4)+(K32*K4) -> 0 | E32: 0 | F32: =E32*C57 -> 0 | H32: 0 | I32: =H32*C57 -> 0 | K32: 0 | L32: =K32*C57 -> 0 | N32: 0 | O32: =N32*F57 -> 0 | Q32: 0 | R32: =Q32*I57 -> 0 | T32: 0 | U32: =T32*L57 -> 0 | W32: 0 | X32: =W32*O57 -> 0
B34: Finishers (1) | E34: Stem # | F34: Cost | H34: Stem # | I34: Cost | K34: Stem # | L34: Cost | N34: Stem # | O34: Cost | Q34: Stem # | R34: Cost | T34: Stem # | U34: Cost | W34: Stem # | X34: Cost
B35: Amaranth | C35: =(E35*E4)+(H35*H4)+(K35*K4) -> 0 | E35: 0 | F35: =E35*C58 -> 0 | H35: 0 | I35: =H35*C58 -> 0 | K35: 0 | L35: =K35*C58 -> 0 | N35: 0 | O35: =N35*F58 -> 0 | Q35: 0 | R35: =Q35*I58 -> 0 | T35: 0 | U35: =T35*L58 -> 0 | W35: 0 | X35: =W35*O58 -> 0
B36: Papyrus | C36: =(E36*E4)+(H36*H4)+(K36*K4) -> 0 | E36: 0 | F36: =E36*C58 -> 0 | H36: 0 | I36: =H36*C58 -> 0 | K36: 0 | L36: =K36*C58 -> 0 | N36: 0 | O36: =N36*F58 -> 0 | Q36: 0 | R36: =Q36*I58 -> 0 | T36: 0 | U36: =T36*L58 -> 0 | W36: 0 | X36: =W36*O58 -> 0
B37: Fennel | C37: =(E37*E4)+(H37*H4)+(K37+K4) -> 0 | E37: 0 | F37: =E37*C58 -> 0 | H37: 0 | I37: =H37*C58 -> 0 | K37: 0 | L37: =K37*C58 -> 0 | N37: 1 | O37: =N37*F58 -> 0 | Q37: 1 | R37: =Q37*I58 -> 0 | T37: 1 | U37: =T37*L58 -> 0 | W37: 1 | X37: =W37*O58 -> 0
B38: Jewels of Opar | C38: =(E38*E4)+(H38*H4)+(K38*K4) -> 0 | E38: 0 | F38: =E38*C58 -> 0 | H38: 0 | I38: =H38*C58 -> 0 | K38: 0 | L38: =K38*C58 -> 0 | N38: 0 | O38: =N38*F58 -> 0 | Q38: 0 | R38: =Q38*I58 -> 0 | T38: 0 | U38: =T38*L58 -> 0 | W38: 0 | X38: =W38*O58 -> 0
B39: Flowering Mint | C39: =(E39*E4)+(H39*H4)+(K39*K4) -> 0 | E39: 0 | F39: =E39*C58 -> 0 | H39: 0 | I39: =H39*C58 -> 0 | K39: 0 | L39: =K39*C58 -> 0 | N39: 0 | O39: =N39*F58 -> 0 | Q39: 0 | R39: =Q39*I58 -> 0 | T39: 0 | U39: =T39*L58 -> 0 | W39: 0 | X39: =W39*O58 -> 0
B40: Explosion Grass | C40: =(E40*E4)+(H40*H4)+(K40*K4) -> 0 | E40: 0 | F40: =E40*C58 -> 0 | H40: 0 | I40: =H40*C58 -> 0 | K40: 0 | L40: =K40*C58 -> 0 | N40: 1 | O40: =N40*F58 -> 0 | Q40: 1 | R40: =Q40*I58 -> 0 | T40: 1 | U40: =T40*L58 -> 0 | W40: 1 | X40: =W40*O58 -> 0
B41: Queen Anne's Lace | C41: =(E41*E4)+(H41*H4)+(K41*K4) -> 0 | E41: 0 | F41: =E41*C58 -> 0 | H41: 0 | I41: =H41*C58 -> 0 | K41: 0 | L41: =K41*C58 -> 0 | N41: 0 | O41: =N41*F58 -> 0 | Q41: 0 | R41: =Q41*I58 -> 0 | T41: 0 | U41: =T41*L58 -> 0 | W41: 0 | X41: =W41*O58 -> 0
B42: Celosia | C42: =(E42*E4)+(H42*H4)+(K42*K4) -> 0 | E42: 0 | F42: =E42*C58 -> 0 | H42: 0 | I42: =H42*C58 -> 0 | K42: 0 | L42: =K42*C58 -> 0 | N42: 0 | O42: =N42*F58 -> 0 | Q42: 0 | R42: =Q42*I58 -> 0 | T42: 0 | U42: =T42*L58 -> 0 | W42: 0 | X42: =W42*O58 -> 0
B43: Strawflower | C43: =(E43*E4)+(H43*H4)+(K43*K4) -> 0 | E43: 0 | F43: =E43*C58 -> 0 | H43: 0 | I43: =H43*C58 -> 0 | K43: 0 | L43: =K43*C58 -> 0 | N43: 0 | O43: =N43*F58 -> 0 | Q43: 0 | R43: =Q43*I58 -> 0 | T43: 0 | U43: =T43*L58 -> 0 | W43: 0 | X43: =W43*O58 -> 0
B45: Foliages (3) | E45: Stem # | F45: Cost | H45: Stem # | I45: Cost | K45: Stem # | L45: Cost | N45: Stem # | O45: Cost | Q45: Stem # | R45: Cost | T45: Stem # | U45: Cost | W45: Stem # | X45: Cost
B46: Geranium | C46: =(E46*E4)+(H46*H4)+(K46*K4) -> 0 | F46: =E46*C59 -> 0 | I46: =H46*C59 -> 0 | L46: =K46*C59 -> 0 | N46: 0 | O46: =N46*F59 -> 0 | Q46: 0 | R46: =Q46*I59 -> 0 | T46: 0 | U46: =T46*L59 -> 0 | W46: 0 | X46: =W46*O59 -> 0
B47: Raspberry | C47: =(E47*E4)+(H47*H4)+(K47*K4) -> 0 | E47: 0 | F47: =E47*C59 -> 0 | H47: 0 | I47: =H47*C59 -> 0 | K47: 0 | L47: =K47*C59 -> 0 | N47: 1 | O47: =N47*F59 -> 0 | Q47: 1 | R47: =Q47*I59 -> 0 | T47: 1 | U47: =T47*L59 -> 0 | W47: 1 | X47: =W47*O59 -> 0
B48: Smokebush | C48: =(E48*E4)+(H48*H4)+(K48*K4) -> 0 | E48: 0 | F48: =E48*C59 -> 0 | H48: 0 | I48: =H48*C59 -> 0 | K48: 0 | L48: =K48*C59 -> 0 | N48: 1 | O48: =N48*F59 -> 0 | Q48: 1 | R48: =Q48*I59 -> 0 | T48: 1 | U48: =T48*L59 -> 0 | W48: 1 | X48: =W48*O59 -> 0
B49: Eucalyptus | C49: =(E49*E4)+(H49*H4)+(K49*K4) -> 0 | E49: 0 | F49: =E49*C59 -> 0 | H49: 0 | I49: =H49*C59 -> 0 | K49: 0 | L49: =K49*C59 -> 0 | N49: 1 | O49: =N49*F59 -> 0 | Q49: 1 | R49: =Q49*I59 -> 0 | T49: 1 | U49: =T49*L59 -> 0 | W49: 1 | X49: =W49*O59 -> 0
B52: KEY 1
B53: Category | C53: Avg. Cost
B54: Focals | C54: 3.12
B55: Filler | C55: 2.18
B56: Foundations | C56: 2.47
B57: Floats | C57: 1.81
B58: Finishers | C58: 1.67
B59: Foliages | C59: 2.27
B64: Indigo
B65: Rudbeckia
B66: Echinachea

Sheet 8.11 Recipe
B2: FINAL COUNTS | E2: RECIPE 1 | H2: RECIPE 2 | K2: RECIPE 3 | N2: STRAIGHT #1 | Q2: STRAIGHT #2 | T2: STRAIGHT #3 | W2: STRAIGHT #4
E3: # of Bouqs | F3: Total Cost | H3: # of Bouqs | I3: Total Cost | K3: # of Bouqs | L3: Total Cost | N3: # of Bouqs | O3: Total Cost | Q3: # of Bouqs | R3: Total Cost | T3: # of Bouqs | U3: Total Cost | W3: # of Bouqs | X3: Total Cost
E4: 20 | F4: =SUM(F7:F49) -> 35.7 | H4: 15 | I4: =SUM(I7:I49) -> 35.34 | K4: 15 | L4: =SUM(L7:L49) -> 36.86 | N4: 10 | O4: =SUM(O7:O49) -> 0 | Q4: 15 | R4: =SUM(R7:R49) -> 0 | T4: 15 | U4: =SUM(U7:U49) -> 0 | W4: 15 | X4: =SUM(X7:X49) -> 0
B6: Focals (3) | C6: Final Cut | E6: Stem # | F6: Cost | H6: Stem # | I6: Cost | K6: Stem # | L6: Cost | N6: Stem # | O6: Cost | Q6: Stem # | R6: Cost | T6: Stem # | U6: Cost | W6: Stem # | X6: Cost
B7: Dahlia (L) | C7: =(E7*E4)+(H7*H4)+(K7*K4) -> 0 | E7: 0 | F7: =E7*C54 -> 0 | H7: 0 | I7: =H7*C54 -> 0 | K7: 0 | L7: =K7*C54 -> 0 | N7: 0 | O7: =N7*F54 -> 0 | Q7: 0 | R7: =Q7*I54 -> 0 | T7: 0 | U7: =T7*L54 -> 0 | W7: 0 | X7: =W7*O54 -> 0
B8: Sunflower (L) | C8: =(E8*E4)+(H8+H4)+(K8+K4) -> 90 | E8: 3 | F8: =E8*C54 -> 9.36 | H8: 0 | I8: =H8*C54 -> 0 | K8: 0 | L8: =K8*C54 -> 0 | N8: 0 | O8: =N8*F54 -> 0 | Q8: 0 | R8: =Q8*I54 -> 0 | T8: 0 | U8: =T8*L54 -> 0 | W8: 0 | X8: =W8*O54 -> 0
B9: Zinnia (L) | C9: =(E9*E4)+(H9*H4)+(K9*K4) -> 0 | E9: 0 | F9: =E9*C54 -> 0 | H9: 0 | I9: =H9*C54 -> 0 | K9: 0 | L9: =K9*C54 -> 0 | N9: 0 | O9: =N9*F54 -> 0 | Q9: 0 | R9: =Q9*I54 -> 0 | T9: 0 | U9: =T9*L54 -> 0 | W9: 0 | X9: =W9*O54 -> 0
B11: Fillers (2) | E11: Stem # | F11: Cost | H11: Stem # | I11: Cost | K11: Stem # | L11: Cost | N11: Stem # | O11: Cost | Q11: Stem # | R11: Cost | T11: Stem # | U11: Cost | W11: Stem # | X11: Cost
B12: Lime Light | C12: =(E12*E4)+(H12*H4)+(K12*K4) -> 55 | E12: 2 | F12: =E12*C55 -> 4.36 | H12: 0 | I12: =H12*C55 -> 0 | K12: 1 | L12: =K12*C55 -> 2.18 | N12: 7 | O12: =N12*F55 -> 0 | Q12: 1 | R12: =Q12*I55 -> 0 | T12: 1 | U12: =T12*L55 -> 0 | W12: 1 | X12: =W12*O55 -> 0
B13: Statice | C13: =(E13*E4)+(H13*H4)+(K13*K4) -> 0 | E13: 0 | F13: =E13*C55 -> 0 | H13: 0 | I13: =H13*C55 -> 0 | K13: 0 | L13: =K13*C55 -> 0 | N13: 0 | O13: =N13*F55 -> 0 | Q13: 0 | R13: =Q13*I55 -> 0 | T13: 0 | U13: =T13*L55 -> 0 | W13: 0 | X13: =W13*O55 -> 0
B14: Yarrow | C14: =(E14*E4)+(H14*H4)+(K14*K4) -> 0 | E14: 0 | F14: =E14*C55 -> 0 | H14: 0 | I14: =H14*C55 -> 0 | K14: 0 | L14: =K14*C55 -> 0 | N14: 0 | O14: =N14*F55 -> 0 | Q14: 0 | R14: =Q14*I55 -> 0 | T14: 0 | U14: =T14*L55 -> 0 | W14: 0 | X14: =W14*O55 -> 0
B15: Feverfew | C15: =(E15*E4)+(H15*H4)+(K15*K4) -> 0 | E15: 0 | F15: =E15*C55 -> 0 | H15: 0 | I15: =H15*C55 -> 0 | K15: 0 | L15: =K15*C55 -> 0 | N15: 0 | O15: =N15*F55 -> 0 | Q15: 0 | R15: =Q15*I55 -> 0 | T15: 0 | U15: =T15*L55 -> 0 | W15: 0 | X15: =W15*O55 -> 0
B17: Foundations (3) | E17: Stem # | F17: Cost | H17: Stem # | I17: Cost | K17: Stem # | L17: Cost | N17: Stem # | O17: Cost | Q17: Stem # | R17: Cost | T17: Stem # | U17: Cost | W17: Stem # | X17: Cost
B18: Dahlia (S-M) | C18: =(E18*E4)+(H18*H4)+(K18*K4) -> 45 | E18: 0 | F18: =E18*C56 -> 0 | H18: 3 | I18: =H18*C56 -> 7.41 | K18: 0 | L18: =K18*C56 -> 0 | N18: 0 | O18: =N18*F56 -> 0 | Q18: 0 | R18: =Q18*I56 -> 0 | T18: 0 | U18: =T18*L56 -> 0 | W18: 0 | X18: =W18*O56 -> 0
B19: Lisianthus | C19: =(E19*E4)+(H19*H4)+(K19*K4) -> 85 | E19: 2 | F19: =E19*C56 -> 4.94 | H19: 2 | I19: =H19*C56 -> 4.94 | K19: 1 | L19: =K19*C56 -> 2.47 | N19: 1 | O19: =N19*F56 -> 0 | Q19: 1 | R19: =Q19*I56 -> 0 | T19: 1 | U19: =T19*L56 -> 0 | W19: 1 | X19: =W19*O56 -> 0
B20: Delphinium | C20: =(E20*E4)+(H20*H4)+(K20*K4) -> 7.5 | E20: 0 | F20: =E20*C56 -> 0 | H20: 0 | I20: =H20*C56 -> 0 | K20: 0.5 | L20: =K20*C56 -> 1.235 | N20: 0.5 | O20: =N20*F56 -> 0 | Q20: 0.5 | R20: =Q20*I56 -> 0 | T20: 0.5 | U20: =T20*L56 -> 0 | W20: 0.5 | X20: =W20*O56 -> 0
B21: Sunflower (S) | C21: =(E21*E4)+(H21*H4)+(K21*K4) -> 15 | E21: 0 | F21: =E21*C56 -> 0 | H21: 0 | I21: =H21*C56 -> 0 | K21: 1 | L21: =K21*C56 -> 2.47 | N21: 1 | O21: =N21*F56 -> 0 | Q21: 1 | R21: =Q21*I56 -> 0 | T21: 1 | U21: =T21*L56 -> 0 | W21: 1 | X21: =W21*O56 -> 0
B22: Zinnia (M) | C22: =(E22*E4)+(H22*H4)+(K22*K4) -> 145 | E22: 2 | F22: =E22*C56 -> 4.94 | H22: 3 | I22: =H22*C56 -> 7.41 | K22: 4 | L22: =K22*C56 -> 9.88 | N22: 4 | O22: =N22*F56 -> 0 | Q22: 4 | R22: =Q22*I56 -> 0 | T22: 4 | U22: =T22*L56 -> 0 | W22: 4 | X22: =W22*O56 -> 0
B23: Lupine | C23: =(E23*E4)+(H23*H4)+(K23*K4) -> 0 | E23: 0 | F23: =E23*C56 -> 0 | H23: 0 | I23: =H23*C56 -> 0 | K23: 0 | L23: =K23*C56 -> 0 | N23: 0 | O23: =N23*F56 -> 0 | Q23: 0 | R23: =Q23*I56 -> 0 | T23: 0 | U23: =T23*L56 -> 0 | W23: 0 | X23: =W23*O56 -> 0
B24: Fama Scabiosa | C24: =(E24*E4)+(H24*H4)+(K24*K4) -> 7.5 | E24: 0 | F24: =E24*C56 -> 0 | H24: 0 | I24: =H24*C56 -> 0 | K24: 0.5 | L24: =K24*C56 -> 1.235 | N24: 0.5 | O24: =N24*F56 -> 0 | Q24: 0.5 | R24: =Q24*I56 -> 0 | T24: 0.5 | U24: =T24*L56 -> 0 | W24: 0.5 | X24: =W24*O56 -> 0
B26: Floats (2) | E26: Stem # | F26: Cost | H26: Stem # | I26: Cost | K26: Stem # | L26: Cost | N26: Stem # | O26: Cost | Q26: Stem # | R26: Cost | T26: Stem # | U26: Cost | W26: Stem # | X26: Cost
B27: Summer Scabiosa | C27: =(E27*E4)+(H27*H4)+(K27*K4) -> 35 | E27: 1 | F27: =E27*C57 -> 1.81 | H27: 0 | I27: =H27*C57 -> 0 | K27: 1 | L27: =K27*C57 -> 1.81 | N27: 1 | O27: =N27*F57 -> 0 | Q27: 1 | R27: =Q27*I57 -> 0 | T27: 1 | U27: =T27*L57 -> 0 | W27: 1 | X27: =W27*O57 -> 0
B28: Cosmos/Rudbeckia | C28: =(E28*E4)+(H28*H4)+(K28*K4) -> 75 | E28: 0 | F28: =E28*C57 -> 0 | H28: 3 | I28: =H28*C57 -> 5.43 | K28: 2 | L28: =K28*C57 -> 3.62 | N28: 2 | O28: =N28*F57 -> 0 | Q28: 2 | R28: =Q28*I57 -> 0 | T28: 2 | U28: =T28*L57 -> 0 | W28: 2 | X28: =W28*O57 -> 0
B29: Gomphrena | C29: =(E29*E4)+(H29*H4)+(K29*K4) -> 27.5 | E29: 1 | F29: =E29*C57 -> 1.81 | H29: 0 | I29: =H29*C57 -> 0 | K29: 0.5 | L29: =K29*C57 -> 0.905 | N29: 0.5 | O29: =N29*F57 -> 0 | Q29: 0.5 | R29: =Q29*I57 -> 0 | T29: 0.5 | U29: =T29*L57 -> 0 | W29: 0.5 | X29: =W29*O57 -> 0
B30: Carnations | C30: =(E30*E4)+(H30*H4)+(K30*K4) -> 0 | E30: 0 | F30: =E30*C57 -> 0 | H30: 0 | I30: =H30*C57 -> 0 | K30: 0 | L30: =K30*C57 -> 0 | N30: 0 | O30: =N30*F57 -> 0 | Q30: 0 | R30: =Q30*I57 -> 0 | T30: 0 | U30: =T30*L57 -> 0 | W30: 0 | X30: =W30*O57 -> 0
B31: Ageratum | C31: =(E31*E4)+(H31*H4)+(K31*K4) -> 7.5 | E31: 0 | F31: =E31*C57 -> 0 | H31: 0 | I31: =H31*C57 -> 0 | K31: 0.5 | L31: =K31*C57 -> 0.905 | N31: 0.5 | O31: =N31*F57 -> 0 | Q31: 0.5 | R31: =Q31*I57 -> 0 | T31: 0.5 | U31: =T31*L57 -> 0 | W31: 0.5 | X31: =W31*O57 -> 0
B32: Bunny Tail | C32: =(E32*E4)+(H32*H4)+(K32*K4) -> 0 | E32: 0 | F32: =E32*C57 -> 0 | H32: 0 | I32: =H32*C57 -> 0 | K32: 0 | L32: =K32*C57 -> 0 | N32: 0 | O32: =N32*F57 -> 0 | Q32: 0 | R32: =Q32*I57 -> 0 | T32: 0 | U32: =T32*L57 -> 0 | W32: 0 | X32: =W32*O57 -> 0
B34: Finishers (1) | E34: Stem # | F34: Cost | H34: Stem # | I34: Cost | K34: Stem # | L34: Cost | N34: Stem # | O34: Cost | Q34: Stem # | R34: Cost | T34: Stem # | U34: Cost | W34: Stem # | X34: Cost
B35: Amaranth | C35: =(E35*E4)+(H35*H4)+(K35*K4) -> 0 | E35: 0 | F35: =E35*C58 -> 0 | H35: 0 | I35: =H35*C58 -> 0 | K35: 0 | L35: =K35*C58 -> 0 | N35: 0 | O35: =N35*F58 -> 0 | Q35: 0 | R35: =Q35*I58 -> 0 | T35: 0 | U35: =T35*L58 -> 0 | W35: 0 | X35: =W35*O58 -> 0
B36: Papyrus | C36: =(E36*E4)+(H36*H4)+(K36*K4) -> 10 | E36: 0.5 | F36: =E36*C58 -> 0.835 | H36: 0 | I36: =H36*C58 -> 0 | K36: 0 | L36: =K36*C58 -> 0 | N36: 0 | O36: =N36*F58 -> 0 | Q36: 0 | R36: =Q36*I58 -> 0 | T36: 0 | U36: =T36*L58 -> 0 | W36: 0 | X36: =W36*O58 -> 0
B37: Fennel | C37: =(E37*E4)+(H37*H4)+(K37+K4) -> 41 | E37: 0.5 | F37: =E37*C58 -> 0.835 | H37: 1 | I37: =H37*C58 -> 1.67 | K37: 1 | L37: =K37*C58 -> 1.67 | N37: 1 | O37: =N37*F58 -> 0 | Q37: 1 | R37: =Q37*I58 -> 0 | T37: 1 | U37: =T37*L58 -> 0 | W37: 1 | X37: =W37*O58 -> 0
B38: Jewels of Opar | C38: =(E38*E4)+(H38*H4)+(K38*K4) -> 0 | E38: 0 | F38: =E38*C58 -> 0 | H38: 0 | I38: =H38*C58 -> 0 | K38: 0 | L38: =K38*C58 -> 0 | N38: 0 | O38: =N38*F58 -> 0 | Q38: 0 | R38: =Q38*I58 -> 0 | T38: 0 | U38: =T38*L58 -> 0 | W38: 0 | X38: =W38*O58 -> 0
B39: Flowering Mint | C39: =(E39*E4)+(H39*H4)+(K39*K4) -> 0 | E39: 0 | F39: =E39*C58 -> 0 | H39: 0 | I39: =H39*C58 -> 0 | K39: 0 | L39: =K39*C58 -> 0 | N39: 0 | O39: =N39*F58 -> 0 | Q39: 0 | R39: =Q39*I58 -> 0 | T39: 0 | U39: =T39*L58 -> 0 | W39: 0 | X39: =W39*O58 -> 0
B40: Explosion Grass | C40: =(E40*E4)+(H40*H4)+(K40*K4) -> 30 | E40: 0 | F40: =E40*C58 -> 0 | H40: 1 | I40: =H40*C58 -> 1.67 | K40: 1 | L40: =K40*C58 -> 1.67 | N40: 1 | O40: =N40*F58 -> 0 | Q40: 1 | R40: =Q40*I58 -> 0 | T40: 1 | U40: =T40*L58 -> 0 | W40: 1 | X40: =W40*O58 -> 0
B41: Queen Anne's Lace | C41: =(E41*E4)+(H41*H4)+(K41*K4) -> 0 | E41: 0 | F41: =E41*C58 -> 0 | H41: 0 | I41: =H41*C58 -> 0 | K41: 0 | L41: =K41*C58 -> 0 | N41: 0 | O41: =N41*F58 -> 0 | Q41: 0 | R41: =Q41*I58 -> 0 | T41: 0 | U41: =T41*L58 -> 0 | W41: 0 | X41: =W41*O58 -> 0
B42: Celosia | C42: =(E42*E4)+(H42*H4)+(K42*K4) -> 0 | E42: 0 | F42: =E42*C58 -> 0 | H42: 0 | I42: =H42*C58 -> 0 | K42: 0 | L42: =K42*C58 -> 0 | N42: 0 | O42: =N42*F58 -> 0 | Q42: 0 | R42: =Q42*I58 -> 0 | T42: 0 | U42: =T42*L58 -> 0 | W42: 0 | X42: =W42*O58 -> 0
B43: Strawflower | C43: =(E43*E4)+(H43*H4)+(K43*K4) -> 0 | E43: 0 | F43: =E43*C58 -> 0 | H43: 0 | I43: =H43*C58 -> 0 | K43: 0 | L43: =K43*C58 -> 0 | N43: 0 | O43: =N43*F58 -> 0 | Q43: 0 | R43: =Q43*I58 -> 0 | T43: 0 | U43: =T43*L58 -> 0 | W43: 0 | X43: =W43*O58 -> 0
B45: Foliages (3) | E45: Stem # | F45: Cost | H45: Stem # | I45: Cost | K45: Stem # | L45: Cost | N45: Stem # | O45: Cost | Q45: Stem # | R45: Cost | T45: Stem # | U45: Cost | W45: Stem # | X45: Cost
B46: Geranium | C46: =(E46*E4)+(H46*H4)+(K46*K4) -> 70 | E46: 2 | F46: =E46*C59 -> 4.54 | H46: 2 | I46: =H46*C59 -> 4.54 | K46: 0 | L46: =K46*C59 -> 0 | N46: 0 | O46: =N46*F59 -> 0 | Q46: 0 | R46: =Q46*I59 -> 0 | T46: 0 | U46: =T46*L59 -> 0 | W46: 0 | X46: =W46*O59 -> 0
B47: Raspberry | C47: =(E47*E4)+(H47*H4)+(K47*K4) -> 35 | E47: 1 | F47: =E47*C59 -> 2.27 | H47: 0 | I47: =H47*C59 -> 0 | K47: 1 | L47: =K47*C59 -> 2.27 | N47: 1 | O47: =N47*F59 -> 0 | Q47: 1 | R47: =Q47*I59 -> 0 | T47: 1 | U47: =T47*L59 -> 0 | W47: 1 | X47: =W47*O59 -> 0
B48: Smokebush | C48: =(E48*E4)+(H48*H4)+(K48*K4) -> 30 | E48: 0 | F48: =E48*C59 -> 0 | H48: 1 | I48: =H48*C59 -> 2.27 | K48: 1 | L48: =K48*C59 -> 2.27 | N48: 1 | O48: =N48*F59 -> 0 | Q48: 1 | R48: =Q48*I59 -> 0 | T48: 1 | U48: =T48*L59 -> 0 | W48: 1 | X48: =W48*O59 -> 0
B49: Eucalyptus | C49: =(E49*E4)+(H49*H4)+(K49*K4) -> 15 | E49: 0 | F49: =E49*C59 -> 0 | H49: 0 | I49: =H49*C59 -> 0 | K49: 1 | L49: =K49*C59 -> 2.27 | N49: 1 | O49: =N49*F59 -> 0 | Q49: 1 | R49: =Q49*I59 -> 0 | T49: 1 | U49: =T49*L59 -> 0 | W49: 1 | X49: =W49*O59 -> 0
B52: KEY 1
B53: Category | C53: Avg. Cost
B54: Focals | C54: 3.12
B55: Filler | C55: 2.18
B56: Foundations | C56: 2.47
B57: Floats | C57: 1.81
B58: Finishers | C58: 1.67
B59: Foliages | C59: 2.27

Sheet definitions
B1: Description | C1: Size | D1: Notes
A2: Focal | B2: Large flowers that take up significant visual "space" within the bouquet. Will be the most prominent flowers in the bouquet and have a major influence on the color palette for the bouquet. | C2: Generally at least 5" in diameter when open | D2: Tulips may be an exception to the size criteria
A3: Supporting -- disc | B3: Round or ball-shaped flowers that form the bulk of the bouquet. Not as large or as prominent as the focal flower(s). Form the bulk of the bouquet. | C3: Generally 1.5" - 4.5" diameter. Average size ~3"
A4: Supporting -- spike | B4: Same role as supporting (disc) flowers but with a spiked shape. Provide dimension to the bouquet. | C4: varies significantly
A5: Filler | B5: Flowers generally consist of multiple, small florets. Add texture and volume to bouquets and keep the supporting and focal flowers from becoming too dense. Generally used lower in the bouquet. | C5: varies significantly
A6: Floaties | B6: Flowers capable of "floating" above the rest of the arrangement. Provide dimension and add an element of whimsy to the bouquet. | C6: Generally .5" - 2" diameter
A7: Foliage | B7: Greenery. Most often used around the edge of the bouquet. Provides a natural "backdrop" for the flowers in the bouquet and can serve to protect the more delicate blooms. | C7: n/a

Sheet March-April
A1: Flower | B1: retail price | C1: average wholesale price | D1: MVFC price | E1: Potomac Floral price | F1: average wholesale cost of stems in category | G1: total # stems needed for all bouquets | I1: # stems in lg bouquet | J1: wholesale cost of lg | K1: retail price of lg | L1: # stems in straight bunch | M1: wholesale cost straight bunch | N1: retail price straight bunch | O1: # stems in straight bunch | P1: wholesale cost straight bunch | Q1: retail price snap straight bunch | R1: # stems in "bonus bouq" | S1: wholesale cost "bonus bouq" | T1: retail price "bonus bouq" | U1: wedding | V1: extra stem disposition
A2: retail markup --> | B2: 0.5 | H2: number of bouqs--> | I2: 15 | L2: 8 | O2: 30 | R2: 5 | U2: 0 | W2: 0 | X2: 0 | Y2: 0
A3: focal | F3: =AVERAGE(B4:B9) -> #DIV/0!
A4: Tulip (French) | B4: =C4*(1+$B$2) -> #DIV/0! | C4: =AVERAGE(D4:E4) -> #DIV/0! | G4: =(I4*$I$2)+(L4*$L$2)+(O4*$O$2)+(R4*$R$2)+(U4*$U$2)+(V4*$V$2)+(W4*$W$2)+(X4*$X$2)+(Y4*$Y$2) -> #VALUE! | J4: =I4*C4 -> #DIV/0! | K4: =I4*B4 -> #DIV/0! | M4: =L4*C4 -> #DIV/0! | N4: =L4*B4 -> #DIV/0! | P4: =O4*C4 -> #DIV/0! | Q4: =O4*B4 -> #DIV/0! | S4: =R4*C4 -> #DIV/0! | T4: =R4*B4 -> #DIV/0! | U4: 20 | V4: hold for next week
A5: Tulip (double) | B5: =C5*(1+$B$2) -> #DIV/0! | C5: =AVERAGE(D5:E5) -> #DIV/0! | G5: =(I5*$I$2)+(L5*$L$2)+(O5*$O$2)+(R5*$R$2)+(U5*$U$2)+(V5*$V$2)+(W5*$W$2)+(X5*$X$2)+(Y5*$Y$2) -> #VALUE! | J5: =I5*C5 -> #DIV/0! | K5: =I5*B5 -> #DIV/0! | M5: =L5*C5 -> #DIV/0! | N5: =L5*B5 -> #DIV/0! | P5: =O5*C5 -> #DIV/0! | Q5: =O5*B5 -> #DIV/0! | S5: =R5*C5 -> #DIV/0! | T5: =R5*B5 -> #DIV/0! | V5: hold for next week
A6: Tulip (regular) | B6: =C6*(1+$B$2) -> #DIV/0! | C6: =AVERAGE(D6:E6) -> #DIV/0! | G6: =(I6*$I$2)+(L6*$L$2)+(O6*$O$2)+(R6*$R$2)+(U6*$U$2)+(V6*$V$2)+(W6*$W$2)+(X6*$X$2)+(Y6*$Y$2) -> #VALUE! | J6: =I6*C6 -> #DIV/0! | K6: =I6*B6 -> #DIV/0! | M6: =L6*C6 -> #DIV/0! | N6: =L6*B6 -> #DIV/0! | P6: =O6*C6 -> #DIV/0! | Q6: =O6*B6 -> #DIV/0! | S6: =R6*C6 -> #DIV/0! | T6: =R6*B6 -> #DIV/0! | V6: hold for next week
B7: =C7*(1+$B$2) -> #DIV/0! | C7: =AVERAGE(D7:E7) -> #DIV/0! | G7: =(I7*$I$2)+(L7*$L$2)+(O7*$O$2)+(R7*$R$2)+(U7*$U$2)+(V7*$V$2)+(W7*$W$2)+(X7*$X$2)+(Y7*$Y$2) -> #VALUE! | I7: 2 | J7: =I7*C7 -> #DIV/0! | K7: =I7*B7 -> #DIV/0! | M7: =L7*C7 -> #DIV/0! | N7: =L7*B7 -> #DIV/0! | P7: =O7*C7 -> #DIV/0! | Q7: =O7*B7 -> #DIV/0! | S7: =R7*C7 -> #DIV/0! | T7: =R7*B7 -> #DIV/0! | U7: 20 | V7: hold for next week
B8: =C8*(1+$B$2) -> #DIV/0! | C8: =AVERAGE(D8:E8) -> #DIV/0! | G8: =(I8*$I$2)+(L8*$L$2)+(O8*$O$2)+(R8*$R$2)+(U8*$U$2)+(V8*$V$2)+(W8*$W$2)+(X8*$X$2)+(Y8*$Y$2) -> #VALUE! | J8: =I8*C8 -> #DIV/0! | K8: =I8*B8 -> #DIV/0! | M8: =L8*C8 -> #DIV/0! | N8: =L8*B8 -> #DIV/0! | P8: =O8*C8 -> #DIV/0! | Q8: =O8*B8 -> #DIV/0! | S8: =R8*C8 -> #DIV/0! | T8: =R8*B8 -> #DIV/0! | V8: hold for next week
G9: =(I9*$I$2)+(L9*$L$2)+(O9*$O$2)+(R9*$R$2)+(U9*$U$2)+(V9*$V$2)+(W9*$W$2)+(X9*$X$2)+(Y9*$Y$2) -> 0
A10: Supporting -- disc | G10: =(I10*$I$2)+(L10*$L$2)+(O10*$O$2)+(R10*$R$2)+(U10*$U$2)+(V10*$V$2)+(W10*$W$2)+(X10*$X$2)+(Y10*$Y$2) -> 0
A11: ranunculus | B11: =C11*(1+$B$2) -> #DIV/0! | C11: =AVERAGE(D11:E11) -> #DIV/0! | G11: =(I11*$I$2)+(L11*$L$2)+(O11*$O$2)+(R11*$R$2)+(U11*$U$2)+(V11*$V$2)+(W11*$W$2)+(X11*$X$2)+(Y11*$Y$2) -> 19.95 | I11: 1.33 | J11: =I11*C11 -> #DIV/0! | K11: =I11*B11 -> #DIV/0! | M11: =L11*C11 -> #DIV/0! | N11: =L11*B11 -> #DIV/0! | P11: =O11*C11 -> #DIV/0! | Q11: =O11*B11 -> #DIV/0! | S11: =R11*C11 -> #DIV/0! | T11: =R11*B11 -> #DIV/0!
A12: anemone | B12: =C12*(1+$B$2) -> #DIV/0! | C12: =AVERAGE(D12:E12) -> #DIV/0! | G12: =(I12*$I$2)+(L12*$L$2)+(O12*$O$2)+(R12*$R$2)+(U12*$U$2)+(V12*$V$2)+(W12*$W$2)+(X12*$X$2)+(Y12*$Y$2) -> 0 | J12: =I12*C12 -> #DIV/0! | K12: =I12*B12 -> #DIV/0! | M12: =L12*C12 -> #DIV/0! | N12: =L12*B12 -> #DIV/0! | P12: =O12*C12 -> #DIV/0! | Q12: =O12*B12 -> #DIV/0! | S12: =R12*C12 -> #DIV/0! | T12: =R12*B12 -> #DIV/0!
A13: Iceland poppy (M-L) | B13: =C13*(1+$B$2) -> #DIV/0! | C13: =AVERAGE(D13:E13) -> #DIV/0! | G13: =(I13*$I$2)+(L13*$L$2)+(O13*$O$2)+(R13*$R$2)+(U13*$U$2)+(V13*$V$2)+(W13*$W$2)+(X13*$X$2)+(Y13*$Y$2) -> 19.95 | I13: 1.33 | J13: =I13*C13 -> #DIV/0! | K13: =I13*B13 -> #DIV/0! | M13: =L13*C13 -> #DIV/0! | N13: =L13*B13 -> #DIV/0! | P13: =O13*C13 -> #DIV/0! | Q13: =O13*B13 -> #DIV/0! | S13: =R13*C13 -> #DIV/0! | T13: =R13*B13 -> #DIV/0!
B14: =C14*(1+$B$2) -> #DIV/0! | C14: =AVERAGE(D14:E14) -> #DIV/0! | G14: =(I14*$I$2)+(L14*$L$2)+(O14*$O$2)+(R14*$R$2)+(U14*$U$2)+(V14*$V$2)+(W14*$W$2)+(X14*$X$2)+(Y14*$Y$2) -> 25 | J14: =I14*C14 -> #DIV/0! | K14: =I14*B14 -> #DIV/0! | M14: =L14*C14 -> #DIV/0! | N14: =L14*B14 -> #DIV/0! | P14: =O14*C14 -> #DIV/0! | Q14: =O14*B14 -> #DIV/0! | R14: 5 | S14: =R14*C14 -> #DIV/0! | T14: =R14*B14 -> #DIV/0!
B15: =C15*(1+$B$2) -> #DIV/0! | C15: =AVERAGE(D15:E15) -> #DIV/0! | G15: =(I15*$I$2)+(L15*$L$2)+(O15*$O$2)+(R15*$R$2)+(U15*$U$2)+(V15*$V$2)+(W15*$W$2)+(X15*$X$2)+(Y15*$Y$2) -> 0 | J15: =I15*C15 -> #DIV/0! | K15: =I15*B15 -> #DIV/0! | M15: =L15*C15 -> #DIV/0! | N15: =L15*B15 -> #DIV/0! | P15: =O15*C15 -> #DIV/0! | Q15: =O15*B15 -> #DIV/0! | S15: =R15*C15 -> #DIV/0! | T15: =R15*B15 -> #DIV/0!
B16: =C16*(1+$B$2) -> #DIV/0! | C16: =AVERAGE(D16:E16) -> #DIV/0! | G16: =(I16*$I$2)+(L16*$L$2)+(O16*$O$2)+(R16*$R$2)+(U16*$U$2)+(V16*$V$2)+(W16*$W$2)+(X16*$X$2)+(Y16*$Y$2) -> 19.95 | I16: 1.33 | J16: =I16*C16 -> #DIV/0! | K16: =I16*B16 -> #DIV/0! | M16: =L16*C16 -> #DIV/0! | N16: =L16*B16 -> #DIV/0! | P16: =O16*C16 -> #DIV/0! | Q16: =O16*B16 -> #DIV/0! | S16: =R16*C16 -> #DIV/0! | T16: =R16*B16 -> #DIV/0!
A17: Supporting -- spike | G17: =(I17*$I$2)+(L17*$L$2)+(O17*$O$2)+(R17*$R$2)+(U17*$U$2)+(V17*$V$2)+(W17*$W$2)+(X17*$X$2)+(Y17*$Y$2) -> 0
A18: astilbe (pale pink) | B18: =C18*(1+$B$2) -> 2.175 | C18: =AVERAGE(D18:E18) -> 1.45 | D18: 1.4 | E18: 1.5 | G18: =(I18*$I$2)+(L18*$L$2)+(O18*$O$2)+(R18*$R$2)+(U18*$U$2)+(V18*$V$2)+(W18*$W$2)+(X18*$X$2)+(Y18*$Y$2) -> 7.5 | I18: 0.5 | J18: =I18*C18 -> 0.725 | K18: =I18*B18 -> 1.0875 | M18: =L18*C18 -> 0 | N18: =L18*B18 -> 0 | P18: =O18*C18 -> 0 | Q18: =O18*B18 -> 0 | S18: =R18*C18 -> 0 | T18: =R18*B18 -> 0
A19: astilbe (dark pink) | B19: =C19*(1+$B$2) -> 2.55 | C19: =AVERAGE(D19:E19) -> 1.7 | D19: 1.4 | E19: 2 | G19: =(I19*$I$2)+(L19*$L$2)+(O19*$O$2)+(R19*$R$2)+(U19*$U$2)+(V19*$V$2)+(W19*$W$2)+(X19*$X$2)+(Y19*$Y$2) -> 0 | J19: =I19*C19 -> 0 | K19: =I19*B19 -> 0 | M19: =L19*C19 -> 0 | N19: =L19*B19 -> 0 | P19: =O19*C19 -> 0 | Q19: =O19*B19 -> 0 | S19: =R19*C19 -> 0 | T19: =R19*B19 -> 0
A20: delphinium | B20: =C20*(1+$B$2) -> 2.5875 | C20: =AVERAGE(D20:E20) -> 1.725 | D20: 1.55 | E20: 1.9 | G20: =(I20*$I$2)+(L20*$L$2)+(O20*$O$2)+(R20*$R$2)+(U20*$U$2)+(V20*$V$2)+(W20*$W$2)+(X20*$X$2)+(Y20*$Y$2) -> 0 | J20: =I20*C20 -> 0 | K20: =I20*B20 -> 0 | M20: =L20*C20 -> 0 | N20: =L20*B20 -> 0 | P20: =O20*C20 -> 0 | Q20: =O20*B20 -> 0 | S20: =R20*C20 -> 0 | T20: =R20*B20 -> 0
A21: campanula (main stem) | B21: =C21*(1+$B$2) -> 1.5 | C21: =AVERAGE(D21:E21) -> 1 | D21: 1 | G21: =(I21*$I$2)+(L21*$L$2)+(O21*$O$2)+(R21*$R$2)+(U21*$U$2)+(V21*$V$2)+(W21*$W$2)+(X21*$X$2)+(Y21*$Y$2) -> 0 | J21: =I21*C21 -> 0 | K21: =I21*B21 -> 0 | M21: =L21*C21 -> 0 | N21: =L21*B21 -> 0 | P21: =O21*C21 -> 0 | Q21: =O21*B21 -> 0 | S21: =R21*C21 -> 0 | T21: =R21*B21 -> 0
A22: campanula (side stem) | B22: =C22*(1+$B$2) -> 1.125 | C22: =AVERAGE(D22:E22) -> 0.75 | D22: 0.75 | G22: =(I22*$I$2)+(L22*$L$2)+(O22*$O$2)+(R22*$R$2)+(U22*$U$2)+(V22*$V$2)+(W22*$W$2)+(X22*$X$2)+(Y22*$Y$2) -> 0 | J22: =I22*C22 -> 0 | K22: =I22*B22 -> 0 | M22: =L22*C22 -> 0 | N22: =L22*B22 -> 0 | P22: =O22*C22 -> 0 | Q22: =O22*B22 -> 0 | S22: =R22*C22 -> 0 | T22: =R22*B22 -> 0
A23: larkspur | B23: =C23*(1+$B$2) -> 1.875 | C23: =AVERAGE(D23:E23) -> 1.25 | D23: 1.1 | E23: 1.4 | G23: =(I23*$I$2)+(L23*$L$2)+(O23*$O$2)+(R23*$R$2)+(U23*$U$2)+(V23*$V$2)+(W23*$W$2)+(X23*$X$2)+(Y23*$Y$2) -> 7.5 | I23: 0.5 | J23: =I23*C23 -> 0.625 | K23: =I23*B23 -> 0.9375 | M23: =L23*C23 -> 0 | N23: =L23*B23 -> 0 | P23: =O23*C23 -> 0 | Q23: =O23*B23 -> 0 | S23: =R23*C23 -> 0 | T23: =R23*B23 -> 0
A24: snapdragon (small) | B24: =C24*(1+$B$2) -> 1.5375 | C24: =AVERAGE(D24:E24) -> 1.025 | D24: 0.75 | E24: 1.3 | G24: =(I24*$I$2)+(L24*$L$2)+(O24*$O$2)+(R24*$R$2)+(U24*$U$2)+(V24*$V$2)+(W24*$W$2)+(X24*$X$2)+(Y24*$Y$2) -> 360 | I24: 3 | J24: =I24*C24 -> 3.075 | K24: =I24*B24 -> 4.6125 | M24: =L24*C24 -> 0 | N24: =L24*B24 -> 0 | O24: 10 | P24: =O24*C24 -> 10.25 | Q24: =O24*B24 -> 15.375 | R24: 3 | S24: =R24*C24 -> 3.075 | T24: =R24*B24 -> 4.6125
A25: snapdragon (large) | B25: =C25*(1+$B$2) -> 2.2875 | C25: =AVERAGE(D25:E25) -> 1.525 | D25: 1.25 | E25: 1.8 | G25: =(I25*$I$2)+(L25*$L$2)+(O25*$O$2)+(R25*$R$2)+(U25*$U$2)+(V25*$V$2)+(W25*$W$2)+(X25*$X$2)+(Y25*$Y$2) -> 130 | I25: 2 | J25: =I25*C25 -> 3.05 | K25: =I25*B25 -> 4.575 | M25: =L25*C25 -> 0 | N25: =L25*B25 -> 0 | O25: 3 | P25: =O25*C25 -> 4.575 | Q25: =O25*B25 -> 6.8625 | R25: 2 | S25: =R25*C25 -> 3.05 | T25: =R25*B25 -> 4.575
A26: lilac | B26: =C26*(1+$B$2) -> 1.875 | C26: =AVERAGE(D26:E26) -> 1.25 | D26: 1.1 | E26: 1.4 | G26: =(I26*$I$2)+(L26*$L$2)+(O26*$O$2)+(R26*$R$2)+(U26*$U$2)+(V26*$V$2)+(W26*$W$2)+(X26*$X$2)+(Y26*$Y$2) -> 0 | J26: =I26*C26 -> 0 | K26: =I26*B26 -> 0 | M26: =L26*C26 -> 0 | N26: =L26*B26 -> 0 | P26: =O26*C26 -> 0 | Q26: =O26*B26 -> 0 | S26: =R26*C26 -> 0 | T26: =R26*B26 -> 0
A27: Filler | G27: =(I27*$I$2)+(L27*$L$2)+(O27*$O$2)+(R27*$R$2)+(U27*$U$2)+(V27*$V$2)+(W27*$W$2)+(X27*$X$2)+(Y27*$Y$2) -> 0
A28: orlaya | B28: =C28*(1+$B$2) -> 1.8 | C28: =AVERAGE(D28:E28) -> 1.2 | D28: 1.1 | E28: 1.3 | G28: =(I28*$I$2)+(L28*$L$2)+(O28*$O$2)+(R28*$R$2)+(U28*$U$2)+(V28*$V$2)+(W28*$W$2)+(X28*$X$2)+(Y28*$Y$2) -> 0 | J28: =I28*C28 -> 0 | K28: =I28*B28 -> 0 | M28: =L28*C28 -> 0 | N28: =L28*B28 -> 0 | P28: =O28*C28 -> 0 | Q28: =O28*B28 -> 0 | S28: =R28*C28 -> 0 | T28: =R28*B28 -> 0
A29: euonymous | B29: =C29*(1+$B$2) -> 3.15 | C29: =AVERAGE(D29:E29) -> 2.1 | D29: 2.1 | G29: =(I29*$I$2)+(L29*$L$2)+(O29*$O$2)+(R29*$R$2)+(U29*$U$2)+(V29*$V$2)+(W29*$W$2)+(X29*$X$2)+(Y29*$Y$2) -> 0 | J29: =I29*C29 -> 0 | K29: =I29*B29 -> 0 | M29: =L29*C29 -> 0 | N29: =L29*B29 -> 0 | P29: =O29*C29 -> 0 | Q29: =O29*B29 -> 0 | S29: =R29*C29 -> 0 | T29: =R29*B29 -> 0
A30: saponaria | B30: =C30*(1+$B$2) -> 1.95 | C30: =AVERAGE(D30:E30) -> 1.3 | D30: 1.3 | G30: =(I30*$I$2)+(L30*$L$2)+(O30*$O$2)+(R30*$R$2)+(U30*$U$2)+(V30*$V$2)+(W30*$W$2)+(X30*$X$2)+(Y30*$Y$2) -> 0 | J30: =I30*C30 -> 0 | K30: =I30*B30 -> 0 | M30: =L30*C30 -> 0 | N30: =L30*B30 -> 0 | P30: =O30*C30 -> 0 | Q30: =O30*B30 -> 0 | S30: =R30*C30 -> 0 | T30: =R30*B30 -> 0
A31: bupleurum | B31: =C31*(1+$B$2) -> 1.575 | C31: =AVERAGE(D31:E31) -> 1.05 | D31: 1.1 | E31: 1 | G31: =(I31*$I$2)+(L31*$L$2)+(O31*$O$2)+(R31*$R$2)+(U31*$U$2)+(V31*$V$2)+(W31*$W$2)+(X31*$X$2)+(Y31*$Y$2) -> #VALUE! | I31: 0.5 | J31: =I31*C31 -> 0.525 | K31: =I31*B31 -> 0.7875 | M31: =L31*C31 -> 0 | N31: =L31*B31 -> 0 | P31: =O31*C31 -> 0 | Q31: =O31*B31 -> 0 | S31: =R31*C31 -> 0 | T31: =R31*B31 -> 0 | V31: hold for next week
A32: statice | B32: =C32*(1+$B$2) -> 1.5 | C32: =AVERAGE(D32:E32) -> 1 | D32: 1.1 | E32: 0.9 | G32: =(I32*$I$2)+(L32*$L$2)+(O32*$O$2)+(R32*$R$2)+(U32*$U$2)+(V32*$V$2)+(W32*$W$2)+(X32*$X$2)+(Y32*$Y$2) -> 7.5 | I32: 0.5 | J32: =I32*C32 -> 0.5 | K32: =I32*B32 -> 0.75 | M32: =L32*C32 -> 0 | N32: =L32*B32 -> 0 | P32: =O32*C32 -> 0 | Q32: =O32*B32 -> 0 | S32: =R32*C32 -> 0 | T32: =R32*B32 -> 0
A33: forget-me-not | B33: =C33*(1+$B$2) -> 1.65 | C33: =AVERAGE(D33:E33) -> 1.1 | D33: 1.1 | G33: =(I33*$I$2)+(L33*$L$2)+(O33*$O$2)+(R33*$R$2)+(U33*$U$2)+(V33*$V$2)+(W33*$W$2)+(X33*$X$2)+(Y33*$Y$2) -> 7.5 | I33: 0.5 | J33: =I33*C33 -> 0.55 | K33: =I33*B33 -> 0.825 | M33: =L33*C33 -> 0 | N33: =L33*B33 -> 0 | P33: =O33*C33 -> 0 | Q33: =O33*B33 -> 0 | S33: =R33*C33 -> 0 | T33: =R33*B33 -> 0
A34: smokebush plume | B34: =C34*(1+$B$2) -> 3 | C34: =AVERAGE(D34:E34) -> 2 | D34: 2 | G34: =(I34*$I$2)+(L34*$L$2)+(O34*$O$2)+(R34*$R$2)+(U34*$U$2)+(V34*$V$2)+(W34*$W$2)+(X34*$X$2)+(Y34*$Y$2) -> 0 | J34: =I34*C34 -> 0 | K34: =I34*B34 -> 0 | M34: =L34*C34 -> 0 | N34: =L34*B34 -> 0 | P34: =O34*C34 -> 0 | Q34: =O34*B34 -> 0 | S34: =R34*C34 -> 0 | T34: =R34*B34 -> 0
A35: feverfew | B35: =C35*(1+$B$2) -> 1.65 | C35: =AVERAGE(D35:E35) -> 1.1 | D35: 1.1 | G35: =(I35*$I$2)+(L35*$L$2)+(O35*$O$2)+(R35*$R$2)+(U35*$U$2)+(V35*$V$2)+(W35*$W$2)+(X35*$X$2)+(Y35*$Y$2) -> 7.5 | I35: 0.5 | J35: =I35*C35 -> 0.55 | K35: =I35*B35 -> 0.825 | M35: =L35*C35 -> 0 | N35: =L35*B35 -> 0 | P35: =O35*C35 -> 0 | Q35: =O35*B35 -> 0 | S35: =R35*C35 -> 0 | T35: =R35*B35 -> 0
A36: Floaties | G36: =(I36*$I$2)+(L36*$L$2)+(O36*$O$2)+(R36*$R$2)+(U36*$U$2)+(V36*$V$2)+(W36*$W$2)+(X36*$X$2)+(Y36*$Y$2) -> 0
A37: geum | B37: =C37*(1+$B$2) -> 1.845 | C37: =AVERAGE(D37:E37) -> 1.23 | D37: 1.23 | G37: =(I37*$I$2)+(L37*$L$2)+(O37*$O$2)+(R37*$R$2)+(U37*$U$2)+(V37*$V$2)+(W37*$W$2)+(X37*$X$2)+(Y37*$Y$2) -> 0 | J37: =I37*C37 -> 0 | K37: =I37*B37 -> 0 | M37: =L37*C37 -> 0 | N37: =L37*B37 -> 0 | P37: =O37*C37 -> 0 | Q37: =O37*B37 -> 0 | S37: =R37*C37 -> 0 | T37: =R37*B37 -> 0
A38: Iceland poppy (small) | B38: =C38*(1+$B$2) -> 0.75 | C38: =AVERAGE(D38:E38) -> 0.5 | D38: 0.5 | G38: =(I38*$I$2)+(L38*$L$2)+(O38*$O$2)+(R38*$R$2)+(U38*$U$2)+(V38*$V$2)+(W38*$W$2)+(X38*$X$2)+(Y38*$Y$2) -> 30 | I38: 2 | J38: =I38*C38 -> 1 | K38: =I38*B38 -> 1.5 | M38: =L38*C38 -> 0 | N38: =L38*B38 -> 0 | P38: =O38*C38 -> 0 | Q38: =O38*B38 -> 0 | S38: =R38*C38 -> 0 | T38: =R38*B38 -> 0
A39: nigella | B39: =C39*(1+$B$2) -> 1.425 | C39: =AVERAGE(D39:E39) -> 0.95 | D39: 0.8 | E39: 1.1 | G39: =(I39*$I$2)+(L39*$L$2)+(O39*$O$2)+(R39*$R$2)+(U39*$U$2)+(V39*$V$2)+(W39*$W$2)+(X39*$X$2)+(Y39*$Y$2) -> 0 | J39: =I39*C39 -> 0 | K39: =I39*B39 -> 0 | M39: =L39*C39 -> 0 | N39: =L39*B39 -> 0 | P39: =O39*C39 -> 0 | Q39: =O39*B39 -> 0 | S39: =R39*C39 -> 0 | T39: =R39*B39 -> 0
A40: verbena | B40: =C40*(1+$B$2) -> 1.125 | C40: =AVERAGE(D40:E40) -> 0.75 | D40: 0.75 | G40: =(I40*$I$2)+(L40*$L$2)+(O40*$O$2)+(R40*$R$2)+(U40*$U$2)+(V40*$V$2)+(W40*$W$2)+(X40*$X$2)+(Y40*$Y$2) -> 19.95 | I40: 1.33 | J40: =I40*C40 -> 0.9975 | K40: =I40*B40 -> 1.49625 | M40: =L40*C40 -> 0 | N40: =L40*B40 -> 0 | P40: =O40*C40 -> 0 | Q40: =O40*B40 -> 0 | S40: =R40*C40 -> 0 | T40: =R40*B40 -> 0
A41: bachelor's buttons | B41: =C41*(1+$B$2) -> 1.695 | C41: =AVERAGE(D41:E41) -> 1.13 | D41: 1.13 | G41: =(I41*$I$2)+(L41*$L$2)+(O41*$O$2)+(R41*$R$2)+(U41*$U$2)+(V41*$V$2)+(W41*$W$2)+(X41*$X$2)+(Y41*$Y$2) -> 19.95 | I41: 1.33 | J41: =I41*C41 -> 1.5029 | K41: =I41*B41 -> 2.25435 | M41: =L41*C41 -> 0 | N41: =L41*B41 -> 0 | P41: =O41*C41 -> 0 | Q41: =O41*B41 -> 0 | S41: =R41*C41 -> 0 | T41: =R41*B41 -> 0
A42: agrostemma | B42: =C42*(1+$B$2) -> 1.725 | C42: =AVERAGE(D42:E42) -> 1.15 | D42: 1.1 | E42: 1.2 | G42: =(I42*$I$2)+(L42*$L$2)+(O42*$O$2)+(R42*$R$2)+(U42*$U$2)+(V42*$V$2)+(W42*$W$2)+(X42*$X$2)+(Y42*$Y$2) -> 19.95 | I42: 1.33 | J42: =I42*C42 -> 1.5295 | K42: =I42*B42 -> 2.29425 | M42: =L42*C42 -> 0 | N42: =L42*B42 -> 0 | P42: =O42*C42 -> 0 | Q42: =O42*B42 -> 0 | S42: =R42*C42 -> 0 | T42: =R42*B42 -> 0
A43: Foliage | G43: =(I43*$I$2)+(L43*$L$2)+(O43*$O$2)+(R43*$R$2)+(U43*$U$2)+(V43*$V$2)+(W43*$W$2)+(X43*$X$2)+(Y43*$Y$2) -> 0
A44: snowball foliage | B44: =C44*(1+$B$2) -> 2.25 | C44: =AVERAGE(D44:E44) -> 1.5 | D44: 1.5 | G44: =(I44*$I$2)+(L44*$L$2)+(O44*$O$2)+(R44*$R$2)+(U44*$U$2)+(V44*$V$2)+(W44*$W$2)+(X44*$X$2)+(Y44*$Y$2) -> 15 | I44: 1 | J44: =I44*C44 -> 1.5 | K44: =I44*B44 -> 2.25 | M44: =L44*C44 -> 0 | N44: =L44*B44 -> 0 | P44: =O44*C44 -> 0 | Q44: =O44*B44 -> 0 | S44: =R44*C44 -> 0 | T44: =R44*B44 -> 0
A45: mint | B45: =C45*(1+$B$2) -> 1.65 | C45: =AVERAGE(D45:E45) -> 1.1 | D45: 1.1 | G45: =(I45*$I$2)+(L45*$L$2)+(O45*$O$2)+(R45*$R$2)+(U45*$U$2)+(V45*$V$2)+(W45*$W$2)+(X45*$X$2)+(Y45*$Y$2) -> 15 | I45: 1 | J45: =I45*C45 -> 1.1 | K45: =I45*B45 -> 1.65 | M45: =L45*C45 -> 0 | N45: =L45*B45 -> 0 | P45: =O45*C45 -> 0 | Q45: =O45*B45 -> 0 | S45: =R45*C45 -> 0 | T45: =R45*B45 -> 0
A46: snowberry foliage | B46: =C46*(1+$B$2) -> 1.65 | C46: =AVERAGE(D46:E46) -> 1.1 | D46: 1.1 | G46: =(I46*$I$2)+(L46*$L$2)+(O46*$O$2)+(R46*$R$2)+(U46*$U$2)+(V46*$V$2)+(W46*$W$2)+(X46*$X$2)+(Y46*$Y$2) -> 0 | J46: =I46*C46 -> 0 | K46: =I46*B46 -> 0 | M46: =L46*C46 -> 0 | N46: =L46*B46 -> 0 | P46: =O46*C46 -> 0 | Q46: =O46*B46 -> 0 | S46: =R46*C46 -> 0 | T46: =R46*B46 -> 0
A47: honeysuckle | B47: =C47*(1+$B$2) -> 1.875 | C47: =AVERAGE(D47:E47) -> 1.25 | D47: 1.25 | G47: =(I47*$I$2)+(L47*$L$2)+(O47*$O$2)+(R47*$R$2)+(U47*$U$2)+(V47*$V$2)+(W47*$W$2)+(X47*$X$2)+(Y47*$Y$2) -> 0 | J47: =I47*C47 -> 0 | K47: =I47*B47 -> 0 | M47: =L47*C47 -> 0 | N47: =L47*B47 -> 0 | P47: =O47*C47 -> 0 | Q47: =O47*B47 -> 0 | S47: =R47*C47 -> 0 | T47: =R47*B47 -> 0
A48: papyrus | B48: =C48*(1+$B$2) -> 2.25 | C48: =AVERAGE(D48:E48) -> 1.5 | D48: 1.5 | G48: =(I48*$I$2)+(L48*$L$2)+(O48*$O$2)+(R48*$R$2)+(U48*$U$2)+(V48*$V$2)+(W48*$W$2)+(X48*$X$2)+(Y48*$Y$2) -> 15 | I48: 1 | J48: =I48*C48 -> 1.5 | K48: =I48*B48 -> 2.25 | M48: =L48*C48 -> 0 | N48: =L48*B48 -> 0 | P48: =O48*C48 -> 0 | Q48: =O48*B48 -> 0 | S48: =R48*C48 -> 0 | T48: =R48*B48 -> 0
A49: raspberry foliage | B49: =C49*(1+$B$2) -> 1.875 | C49: =AVERAGE(D49:E49) -> 1.25 | D49: 1.25 | G49: =(I49*$I$2)+(L49*$L$2)+(O49*$O$2)+(R49*$R$2)+(U49*$U$2)+(V49*$V$2)+(W49*$W$2)+(X49*$X$2)+(Y49*$Y$2) -> 15 | I49: 1 | J49: =I49*C49 -> 1.25 | K49: =I49*B49 -> 1.875 | M49: =L49*C49 -> 0 | N49: =L49*B49 -> 0 | P49: =O49*C49 -> 0 | Q49: =O49*B49 -> 0 | S49: =R49*C49 -> 0 | T49: =R49*B49 -> 0
A50: Bells of Ireland | B50: =C50*(1+$B$2) -> 1.65 | C50: =AVERAGE(D50:E50) -> 1.1 | E50: 1.1 | G50: =(I50*$I$2)+(L50*$L$2)+(O50*$O$2)+(R50*$R$2)+(U50*$U$2)+(V50*$V$2)+(W50*$W$2)+(X50*$X$2)+(Y50*$Y$2) -> 0 | J50: =I50*C50 -> 0 | K50: =I50*B50 -> 0 | M50: =L50*C50 -> 0 | N50: =L50*B50 -> 0 | P50: =O50*C50 -> 0 | Q50: =O50*B50 -> 0 | S50: =R50*C50 -> 0 | T50: =R50*B50 -> 0
A51: fern | B51: =C51*(1+$B$2) -> 1.95 | C51: =AVERAGE(D51:E51) -> 1.3 | D51: 1.3 | G51: =(I51*$I$2)+(L51*$L$2)+(O51*$O$2)+(R51*$R$2)+(U51*$U$2)+(V51*$V$2)+(W51*$W$2)+(X51*$X$2)+(Y51*$Y$2) -> 0 | J51: =I51*C51 -> 0 | K51: =I51*B51 -> 0 | M51: =L51*C51 -> 0 | N51: =L51*B51 -> 0 | P51: =O51*C51 -> 0 | Q51: =O51*B51 -> 0 | S51: =R51*C51 -> 0 | T51: =R51*B51 -> 0
A52: viburnum foliage | B52: =C52*(1+$B$2) -> 1.875 | C52: =AVERAGE(D52:E52) -> 1.25 | D52: 1.25 | G52: =(I52*$I$2)+(L52*$L$2)+(O52*$O$2)+(R52*$R$2)+(U52*$U$2)+(V52*$V$2)+(W52*$W$2)+(X52*$X$2)+(Y52*$Y$2) -> 0 | J52: =I52*C52 -> 0 | K52: =I52*B52 -> 0 | M52: =L52*C52 -> 0 | N52: =L52*B52 -> 0 | P52: =O52*C52 -> 0 | Q52: =O52*B52 -> 0 | S52: =R52*C52 -> 0 | T52: =R52*B52 -> 0
A54: Totals for floral material only | J54: =SUM(J4:J52) -> #DIV/0! | K54: =SUM(K4:K52) -> #DIV/0! | M54: =SUM(M4:M52) -> #DIV/0! | N54: =SUM(N4:N52) -> #DIV/0! | P54: =SUM(P4:P52) -> #DIV/0! | Q54: =SUM(Q4:Q52) -> #DIV/0! | S54: =SUM(S4:S52) -> #DIV/0! | T54: =SUM(T4:T52) -> #DIV/0!
A55: labor | B55: formula (hourly rate*taxable multiplier)*(time to make bouquet in minutes/minutes in one hour) | J55: =(20*1.33)*(7.5/60) -> 3.325 | K55: =((20*1.33)*7/60)*1.5 -> 4.655 | M55: =(20*1.33)*5/60 -> 2.2166667 | N55: =(20*1.33)*7/60 -> 3.1033333 | P55: =(20*1.33)*5/60 -> 2.2166667 | Q55: =((20*1.33)*5/60)*1.5 -> 3.325 | S55: =(20*1.33)*3/60 -> 1.33 | T55: =((20*1.33)*3/60)*1.5 -> 1.995
A56: total with labor | J56: =SUM(J54:J55) -> #DIV/0! | K56: =SUM(K54:K55) -> #DIV/0! | M56: =SUM(M54:M55) -> #DIV/0! | N56: =SUM(N54:N55) -> #DIV/0! | P56: =SUM(P54:P55) -> #DIV/0! | Q56: =SUM(Q54:Q55) -> #DIV/0! | S56: =SUM(S54:S55) -> #DIV/0! | T56: =SUM(T54:T55) -> #DIV/0!
A58: cost to go to market
A59: total including cost to go to market
C62: means no wholesale prices to use -- so using best guess

Sheet May-June

Sheet July-Aug

Sheet Sept - Oct

Sheet Mother's Day
A1: Flower | B1: retail price | C1: average wholesale price | D1: MVFC price | E1: Potomac Floral price | F1: starting # stems | G1: total # stems needed for all bouquets | H1: # stems left over | I1: # stems in subscription | J1: # stems in $25 bouquet | K1: wholesale cost of $25 | L1: retail price of $25 | M1: # stems in $35 bouquet | N1: wholesale cost of $35 | O1: retail price of $35 | P1: # stems in straight bunch | Q1: wholesale cost straight bunch | R1: retail price of straight bunch | S1: # stems in MD pre-order bouquet | T1: wholesale cost MD pre-order bouquet | U1: retail price of MD pre-order bouquet | V1: # stems in MD bouquet | W1: wholesale cost MD bouquet | X1: retail price of MD bouquet | Y1: # stems Super Deluxe MD arrangement | Z1: # stems Deluxe MD arrangement | AA1: # stems hobnail MD arrangement | AB1: # stems iridescent MD arrangement | AC1: # stems Tall Jupiter MD arrangement
A2: retail markup | B2: 0.5 | J2: 24 | M2: 10 | P2: 10 | S2: 18 | V2: 40 | Y2: 1 | Z2: 4 | AA2: 1 | AB2: 1 | AC2: 9
A3: Tulip -- double | B3: =C3*(1+$B$2) -> 2.0625 | C3: =AVERAGE(D3:E3) -> 1.375 | D3: 1.5 | E3: 1.25 | F3: 175 | G3: =(I3)+(J3*$J$2)+(M3*$M$2)+(P3*$P$2)+(S3*$S$2)+(V3*$V$2)+(Y3*$Y$2)+(Z3*$Z$2)+(AA3*$AA$2)+(AB3*$AB$2)+(AC3*$AC$2) -> 178 | H3: =SUM(F3,-G3) -> -3 | J3: 1 | K3: =J3*C3 -> 1.375 | L3: =J3*B3 -> 2.0625 | M3: 2 | N3: =M3*C3 -> 2.75 | O3: =M3*B3 -> 4.125 | Q3: =P3*C3 -> 0 | R3: =P3*B3 -> 0 | S3: 2 | T3: =S3*C3 -> 2.75 | U3: =S3*B3 -> 4.125 | V3: 2 | W3: =V3*C3 -> 2.75 | X3: =V3*B3 -> 4.125 | Y3: 3 | Z3: 1 | AA3: 1 | AB3: 1 | AC3: 1
A4: Tulip -- parrot | B4: =C4*(1+$B$2) -> 2.1375 | C4: =AVERAGE(D4:E4) -> 1.425 | D4: 1.5 | E4: 1.35 | F4: 211 | G4: =(I4)+(J4*$J$2)+(M4*$M$2)+(P4*$P$2)+(S4*$S$2)+(V4*$V$2)+(Y4*$Y$2)+(Z4*$Z$2)+(AA4*$AA$2)+(AB4*$AB$2)+(AC4*$AC$2) -> 205 | H4: =SUM(F4,-G4) -> 6 | J4: 1 | K4: =J4*C4 -> 1.425 | L4: =J4*B4 -> 2.1375 | M4: 2 | N4: =M4*C4 -> 2.85 | O4: =M4*B4 -> 4.275 | Q4: =P4*C4 -> 0 | R4: =P4*B4 -> 0 | S4: 3 | T4: =S4*C4 -> 4.275 | U4: =S4*B4 -> 6.4125 | V4: 2 | W4: =V4*C4 -> 2.85 | X4: =V4*B4 -> 4.275 | Y4: 3 | Z4: 3 | AA4: 2 | AB4: 1 | AC4: 1
A5: Tulip -- regular | B5: =C5*(1+$B$2) -> 1.875 | C5: =AVERAGE(D5:E5) -> 1.25 | D5: 1.5 | E5: 1 | F5: 216 | G5: =(I5)+(J5*$J$2)+(M5*$M$2)+(P5*$P$2)+(S5*$S$2)+(V5*$V$2)+(Y5*$Y$2)+(Z5*$Z$2)+(AA5*$AA$2)+(AB5*$AB$2)+(AC5*$AC$2) -> 96 | H5: =SUM(F5,-G5) -> 120 | J5: 3 | K5: =J5*C5 -> 3.75 | L5: =J5*B5 -> 5.625 | M5: 1 | N5: =M5*C5 -> 1.25 | O5: =M5*B5 -> 1.875 | Q5: =P5*C5 -> 0 | R5: =P5*B5 -> 0 | S5: 0 | T5: =S5*C5 -> 0 | U5: =S5*B5 -> 0 | V5: 0 | W5: =V5*C5 -> 0 | X5: =V5*B5 -> 0 | Y5: 2 | Z5: 2 | AA5: 2 | AB5: 2 | AC5: 0
A6: Tulip -- French | B6: =C6*(1+$B$2) -> 2.85 | C6: =AVERAGE(D6:E6) -> 1.9 | D6: 1.5 | E6: 2.3 | F6: 400 | G6: =(I6)+(J6*$J$2)+(M6*$M$2)+(P6*$P$2)+(S6*$S$2)+(V6*$V$2)+(Y6*$Y$2)+(Z6*$Z$2)+(AA6*$AA$2)+(AB6*$AB$2)+(AC6*$AC$2) -> 308 | H6: =SUM(F6,-G6) -> 92 | J6: 2 | K6: =J6*C6 -> 3.8 | L6: =J6*B6 -> 5.7 | M6: 3 | N6: =M6*C6 -> 5.7 | O6: =M6*B6 -> 8.55 | Q6: =P6*C6 -> 0 | R6: =P6*B6 -> 0 | S6: 5 | T6: =S6*C6 -> 9.5 | U6: =S6*B6 -> 14.25 | V6: 3 | W6: =V6*C6 -> 5.7 | X6: =V6*B6 -> 8.55 | Y6: 3 | Z6: 3 | AA6: 2 | AB6: 3 | AC6: 0
A7: ranunculus | B7: =C7*(1+$B$2) -> 2.475 | C7: =AVERAGE(D7:E7) -> 1.65 | D7: 1.5 | E7: 1.8 | F7: 1600 | G7: =(I7)+(J7*$J$2)+(M7*$M$2)+(P7*$P$2)+(S7*$S$2)+(V7*$V$2)+(Y7*$Y$2)+(Z7*$Z$2)+(AA7*$AA$2)+(AB7*$AB$2)+(AC7*$AC$2) -> 862 | H7: =SUM(F7,-G7) -> 738 | J7: 3 | K7: =J7*C7 -> 4.95 | L7: =J7*B7 -> 7.425 | M7: 5 | N7: =M7*C7 -> 8.25 | O7: =M7*B7 -> 12.375 | P7: 8 | Q7: =P7*C7 -> 13.2 | R7: =P7*B7 -> 19.8 | S7: 12 | T7: =S7*C7 -> 19.8 | U7: =S7*B7 -> 29.7 | V7: 9 | W7: =V7*C7 -> 14.85 | X7: =V7*B7 -> 22.275 | Y7: 9 | Z7: 7 | AA7: 6 | AB7: 5 | AC7: 4
A8: anemone | B8: =C8*(1+$B$2) -> 2.4 | C8: =AVERAGE(D8:E8) -> 1.6 | D8: 1.5 | E8: 1.7 | F8: 200 | G8: =(I8)+(J8*$J$2)+(M8*$M$2)+(P8*$P$2)+(S8*$S$2)+(V8*$V$2)+(Y8*$Y$2)+(Z8*$Z$2)+(AA8*$AA$2)+(AB8*$AB$2)+(AC8*$AC$2) -> 195 | H8: =SUM(F8,-G8) -> 5 | J8: 1 | K8: =J8*C8 -> 1.6 | L8: =J8*B8 -> 2.4 | M8: 1 | N8: =M8*C8 -> 1.6 | O8: =M8*B8 -> 2.4 | Q8: =P8*C8 -> 0 | R8: =P8*B8 -> 0 | S8: 2 | T8: =S8*C8 -> 3.2 | U8: =S8*B8 -> 4.8 | V8: 2 | W8: =V8*C8 -> 3.2 | X8: =V8*B8 -> 4.8 | Y8: 3 | Z8: 2 | AA8: 5 | AB8: 2 | AC8: 3
A9: Iceland poppy | B9: =C9*(1+$B$2) -> 2.625 | C9: =AVERAGE(D9:E9) -> 1.75 | D9: 1.5 | E9: 2 | F9: 60 | G9: =(I9)+(J9*$J$2)+(M9*$M$2)+(P9*$P$2)+(S9*$S$2)+(V9*$V$2)+(Y9*$Y$2)+(Z9*$Z$2)+(AA9*$AA$2)+(AB9*$AB$2)+(AC9*$AC$2) -> 74 | H9: =SUM(F9,-G9) -> -14 | J9: 0 | K9: =J9*C9 -> 0 | L9: =J9*B9 -> 0 | M9: 0 | N9: =M9*C9 -> 0 | O9: =M9*B9 -> 0 | Q9: =P9*C9 -> 0 | R9: =P9*B9 -> 0 | S9: 1 | T9: =S9*C9 -> 1.75 | U9: =S9*B9 -> 2.625 | V9: 1 | W9: =V9*C9 -> 1.75 | X9: =V9*B9 -> 2.625 | Y9: 1 | Z9: 1 | AA9: 1 | AB9: 1 | AC9: 1
A10: allium | B10: =C10*(1+$B$2) -> 3.675 | C10: =AVERAGE(D10:E10) -> 2.45 | E10: 2.45 | F10: 26 | G10: =(I10)+(J10*$J$2)+(M10*$M$2)+(P10*$P$2)+(S10*$S$2)+(V10*$V$2)+(Y10*$Y$2)+(Z10*$Z$2)+(AA10*$AA$2)+(AB10*$AB$2)+(AC10*$AC$2) -> 29 | H10: =SUM(F10,-G10) -> -3 | J10: 0 | K10: =J10*C10 -> 0 | L10: =J10*B10 -> 0 | M10: 0 | N10: =M10*C10 -> 0 | O10: =M10*B10 -> 0 | Q10: =P10*C10 -> 0 | R10: =P10*B10 -> 0 | S10: 0.5 | T10: =S10*C10 -> 1.225 | U10: =S10*B10 -> 1.8375 | V10: 0.25 | W10: =V10*C10 -> 0.6125 | X10: =V10*B10 -> 0.91875 | Y10: 0 | Z10: 0 | AA10: 1 | AB10: 0 | AC10: 1
A11: lilac | B11: =C11*(1+$B$2) -> 3 | C11: =AVERAGE(D11:E11) -> 2 | D11: 1 | E11: 3 | F11: 75 | G11: =(I11)+(J11*$J$2)+(M11*$M$2)+(P11*$P$2)+(S11*$S$2)+(V11*$V$2)+(Y11*$Y$2)+(Z11*$Z$2)+(AA11*$AA$2)+(AB11*$AB$2)+(AC11*$AC$2) -> 58 | H11: =SUM(F11,-G11) -> 17 | J11: 0 | K11: =J11*C11 -> 0 | L11: =J11*B11 -> 0 | M11: 0 | N11: =M11*C11 -> 0 | O11: =M11*B11 -> 0 | Q11: =P11*C11 -> 0 | R11: =P11*B11 -> 0 | S11: 1 | T11: =S11*C11 -> 2 | U11: =S11*B11 -> 3 | V11: 1 | W11: =V11*C11 -> 2 | X11: =V11*B11 -> 3 | Y11: 0 | Z11: 0 | AA11: 0 | AB11: 0 | AC11: 0
A12: dogwood branch | B12: =C12*(1+$B$2) -> 2.25 | C12: =AVERAGE(D12:E12) -> 1.5 | D12: 1.5 | F12: 63 | G12: =(I12)+(J12*$J$2)+(M12*$M$2)+(P12*$P$2)+(S12*$S$2)+(V12*$V$2)+(Y12*$Y$2)+(Z12*$Z$2)+(AA12*$AA$2)+(AB12*$AB$2)+(AC12*$AC$2) -> 74 | H12: =SUM(F12,-G12) -> -11 | J12: 0 | K12: =J12*C12 -> 0 | L12: =J12*B12 -> 0 | M12: 0 | N12: =M12*C12 -> 0 | O12: =M12*B12 -> 0 | Q12: =P12*C12 -> 0 | R12: =P12*B12 -> 0 | S12: 1 | T12: =S12*C12 -> 1.5 | U12: =S12*B12 -> 2.25 | V12: 1 | W12: =V12*C12 -> 1.5 | X12: =V12*B12 -> 2.25 | Y12: 1 | Z12: 1 | AA12: 1 | AB12: 1 | AC12: 1
A13: daffodil | B13: =C13*(1+$B$2) -> 1.725 | C13: =AVERAGE(D13:E13) -> 1.15 | D13: 1.15 | F13: 60 | G13: =(I13)+(J13*$J$2)+(M13*$M$2)+(P13*$P$2)+(S13*$S$2)+(V13*$V$2)+(Y13*$Y$2)+(Z13*$Z$2)+(AA13*$AA$2)+(AB13*$AB$2)+(AC13*$AC$2) -> 59 | H13: =SUM(F13,-G13) -> 1 | J13: 1 | K13: =J13*C13 -> 1.15 | L13: =J13*B13 -> 1.725 | M13: 1 | N13: =M13*C13 -> 1.15 | O13: =M13*B13 -> 1.725 | Q13: =P13*C13 -> 0 | R13: =P13*B13 -> 0 | S13: 1 | T13: =S13*C13 -> 1.15 | U13: =S13*B13 -> 1.725 | W13: =V13*C13 -> 0 | X13: =V13*B13 -> 0 | Y13: 2 | Z13: 1 | AA13: 0 | AB13: 1 | AC13: 0
A14: snowball branch | B14: =C14*(1+$B$2) -> 3 | C14: =AVERAGE(D14:E14) -> 2 | D14: 2 | F14: 50 | G14: =(I14)+(J14*$J$2)+(M14*$M$2)+(P14*$P$2)+(S14*$S$2)+(V14*$V$2)+(Y14*$Y$2)+(Z14*$Z$2)+(AA14*$AA$2)+(AB14*$AB$2)+(AC14*$AC$2) -> 45 | H14: =SUM(F14,-G14) -> 5 | K14: =J14*C14 -> 0 | L14: =J14*B14 -> 0 | N14: =M14*C14 -> 0 | O14: =M14*B14 -> 0 | Q14: =P14*C14 -> 0 | R14: =P14*B14 -> 0 | S14: 1 | T14: =S14*C14 -> 2 | U14: =S14*B14 -> 3 | V14: 0.5 | W14: =V14*C14 -> 1 | X14: =V14*B14 -> 1.5 | Y14: 1 | Z14: 1 | AA14: 1 | AB14: 1 | AC14: 0
A15: stock | B15: =C15*(1+$B$2) -> 1.575 | C15: =AVERAGE(D15:E15) -> 1.05 | E15: 1.05 | F15: 0 | G15: =(I15)+(J15*$J$2)+(M15*$M$2)+(P15*$P$2)+(S15*$S$2)+(V15*$V$2)+(Y15*$Y$2)+(Z15*$Z$2)+(AA15*$AA$2)+(AB15*$AB$2)+(AC15*$AC$2) -> 0 | H15: =SUM(F15,-G15) -> 0 | K15: =J15*C15 -> 0 | L15: =J15*B15 -> 0 | N15: =M15*C15 -> 0 | O15: =M15*B15 -> 0 | Q15: =P15*C15 -> 0 | R15: =P15*B15 -> 0 | T15: =S15*C15 -> 0 | U15: =S15*B15 -> 0 | W15: =V15*C15 -> 0 | X15: =V15*B15 -> 0 | Y15: 0 | Z15: 0 | AA15: 0 | AB15: 0 | AC15: 0
A16: delphinium | B16: =C16*(1+$B$2) -> 2.55 | C16: =AVERAGE(D16:E16) -> 1.7 | E16: 1.7 | F16: 14 | G16: =(I16)+(J16*$J$2)+(M16*$M$2)+(P16*$P$2)+(S16*$S$2)+(V16*$V$2)+(Y16*$Y$2)+(Z16*$Z$2)+(AA16*$AA$2)+(AB16*$AB$2)+(AC16*$AC$2) -> 18 | H16: =SUM(F16,-G16) -> -4 | K16: =J16*C16 -> 0 | L16: =J16*B16 -> 0 | M16: 0 | N16: =M16*C16 -> 0 | O16: =M16*B16 -> 0 | Q16: =P16*C16 -> 0 | R16: =P16*B16 -> 0 | S16: 0.5 | T16: =S16*C16 -> 0.85 | U16: =S16*B16 -> 1.275 | W16: =V16*C16 -> 0 | X16: =V16*B16 -> 0 | Y16: 0 | Z16: 0 | AA16: 0 | AB16: 0 | AC16: 1
A17: bleeding heart | B17: =C17*(1+$B$2) -> 2.25 | C17: =AVERAGE(D17:E17) -> 1.5 | D17: 1.5 | F17: 84 | G17: =(I17)+(J17*$J$2)+(M17*$M$2)+(P17*$P$2)+(S17*$S$2)+(V17*$V$2)+(Y17*$Y$2)+(Z17*$Z$2)+(AA17*$AA$2)+(AB17*$AB$2)+(AC17*$AC$2) -> #VALUE! | H17: =SUM(F17,-G17) -> #VALUE! | K17: =J17*C17 -> #VALUE! | L17: =J17*B17 -> #VALUE! | M17: 1 | N17: =M17*C17 -> 1.5 | O17: =M17*B17 -> 2.25 | Q17: =P17*C17 -> 0 | R17: =P17*B17 -> 0 | S17: 0 | T17: =S17*C17 -> 0 | U17: =S17*B17 -> 0 | V17: 0.25 | W17: =V17*C17 -> 0.375 | X17: =V17*B17 -> 0.5625 | Y17: 2 | Z17: 2 | AA17: 2 | AB17: 2 | AC17: 1
A18: wild cress | B18: =C18*(1+$B$2) -> 1.5 | C18: =AVERAGE(D18:E18) -> 1 | D18: 1 | F18: 100 | G18: =(I18)+(J18*$J$2)+(M18*$M$2)+(P18*$P$2)+(S18*$S$2)+(V18*$V$2)+(Y18*$Y$2)+(Z18*$Z$2)+(AA18*$AA$2)+(AB18*$AB$2)+(AC18*$AC$2) -> 89 | H18: =SUM(F18,-G18) -> 11 | K18: =J18*C18 -> 0 | L18: =J18*B18 -> 0 | N18: =M18*C18 -> 0 | O18: =M18*B18 -> 0 | Q18: =P18*C18 -> 0 | R18: =P18*B18 -> 0 | S18: 2 | T18: =S18*C18 -> 2 | U18: =S18*B18 -> 3 | V18: 1 | W18: =V18*C18 -> 1 | X18: =V18*B18 -> 1.5 | Y18: 3 | Z18: 2 | AA18: 1 | AB18: 1 | AC18: 0
A19: privet | B19: =C19*(1+$B$2) -> 2.25 | C19: =AVERAGE(D19:E19) -> 1.5 | D19: 1.5 | F19: 350 | G19: =(I19)+(J19*$J$2)+(M19*$M$2)+(P19*$P$2)+(S19*$S$2)+(V19*$V$2)+(Y19*$Y$2)+(Z19*$Z$2)+(AA19*$AA$2)+(AB19*$AB$2)+(AC19*$AC$2) -> 283 | H19: =SUM(F19,-G19) -> 67 | J19: 2 | K19: =J19*C19 -> 3 | L19: =J19*B19 -> 4.5 | M19: 2 | N19: =M19*C19 -> 3 | O19: =M19*B19 -> 4.5 | P19: 2 | Q19: =P19*C19 -> 3 | R19: =P19*B19 -> 4.5 | S19: 3 | T19: =S19*C19 -> 4.5 | U19: =S19*B19 -> 6.75 | V19: 3 | W19: =V19*C19 -> 4.5 | X19: =V19*B19 -> 6.75 | Y19: 2 | Z19: 2 | AA19: 1 | AB19: 1 | AC19: 1
A20: euonymous | B20: =C20*(1+$B$2) -> 1.875 | C20: =AVERAGE(D20:E20) -> 1.25 | D20: 1.25 | F20: 60 | G20: =(I20)+(J20*$J$2)+(M20*$M$2)+(P20*$P$2)+(S20*$S$2)+(V20*$V$2)+(Y20*$Y$2)+(Z20*$Z$2)+(AA20*$AA$2)+(AB20*$AB$2)+(AC20*$AC$2) -> 65 | H20: =SUM(F20,-G20) -> -5 | K20: =J20*C20 -> 0 | L20: =J20*B20 -> 0 | N20: =M20*C20 -> 0 | O20: =M20*B20 -> 0 | Q20: =P20*C20 -> 0 | R20: =P20*B20 -> 0 | S20: 1 | T20: =S20*C20 -> 1.25 | U20: =S20*B20 -> 1.875 | V20: 1 | W20: =V20*C20 -> 1.25 | X20: =V20*B20 -> 1.875 | Y20: 1 | Z20: 1 | AA20: 1 | AB20: 1 | AC20: 0
A21: ninebark | B21: =C21*(1+$B$2) -> 2.25 | C21: =AVERAGE(D21:E21) -> 1.5 | D21: 1.5 | G21: =(I21)+(J21*$J$2)+(M21*$M$2)+(P21*$P$2)+(S21*$S$2)+(V21*$V$2)+(Y21*$Y$2)+(Z21*$Z$2)+(AA21*$AA$2)+(AB21*$AB$2)+(AC21*$AC$2) -> 0 | H21: =SUM(F21,-G21) -> 0 | K21: =J21*C21 -> 0 | L21: =J21*B21 -> 0 | N21: =M21*C21 -> 0 | O21: =M21*B21 -> 0 | Q21: =P21*C21 -> 0 | R21: =P21*B21 -> 0 | T21: =S21*C21 -> 0 | U21: =S21*B21 -> 0 | W21: =V21*C21 -> 0 | X21: =V21*B21 -> 0
A22: spirea | B22: =C22*(1+$B$2) -> 2.4 | C22: =AVERAGE(D22:E22) -> 1.6 | D22: 1.6 | F22: 100 | G22: =(I22)+(J22*$J$2)+(M22*$M$2)+(P22*$P$2)+(S22*$S$2)+(V22*$V$2)+(Y22*$Y$2)+(Z22*$Z$2)+(AA22*$AA$2)+(AB22*$AB$2)+(AC22*$AC$2) -> 80 | H22: =SUM(F22,-G22) -> 20 | K22: =J22*C22 -> 0 | L22: =J22*B22 -> 0 | M22: 1 | N22: =M22*C22 -> 1.6 | O22: =M22*B22 -> 2.4 | Q22: =P22*C22 -> 0 | R22: =P22*B22 -> 0 | S22: 1 | T22: =S22*C22 -> 1.6 | U22: =S22*B22 -> 2.4 | V22: 1 | W22: =V22*C22 -> 1.6 | X22: =V22*B22 -> 2.4 | Y22: 2 | Z22: 2 | AA22: 1 | AB22: 1
A23: mockorange | B23: =C23*(1+$B$2) -> 1.875 | C23: =AVERAGE(D23:E23) -> 1.25 | D23: 1.25 | G23: =(I23)+(J23*$J$2)+(M23*$M$2)+(P23*$P$2)+(S23*$S$2)+(V23*$V$2)+(Y23*$Y$2)+(Z23*$Z$2)+(AA23*$AA$2)+(AB23*$AB$2)+(AC23*$AC$2) -> 0 | H23: =SUM(F23,-G23) -> 0 | K23: =J23*C23 -> 0 | L23: =J23*B23 -> 0 | N23: =M23*C23 -> 0 | O23: =M23*B23 -> 0 | Q23: =P23*C23 -> 0 | R23: =P23*B23 -> 0 | T23: =S23*C23 -> 0 | U23: =S23*B23 -> 0 | W23: =V23*C23 -> 0 | X23: =V23*B23 -> 0
A24: honeysuckle | B24: =C24*(1+$B$2) -> 1.875 | C24: =AVERAGE(D24:E24) -> 1.25 | D24: 1.25 | F24: 75 | G24: =(I24)+(J24*$J$2)+(M24*$M$2)+(P24*$P$2)+(S24*$S$2)+(V24*$V$2)+(Y24*$Y$2)+(Z24*$Z$2)+(AA24*$AA$2)+(AB24*$AB$2)+(AC24*$AC$2) -> 16 | H24: =SUM(F24,-G24) -> 59 | K24: =J24*C24 -> 0 | L24: =J24*B24 -> 0 | N24: =M24*C24 -> 0 | O24: =M24*B24 -> 0 | Q24: =P24*C24 -> 0 | R24: =P24*B24 -> 0 | T24: =S24*C24 -> 0 | U24: =S24*B24 -> 0 | W24: =V24*C24 -> 0 | X24: =V24*B24 -> 0 | Y24: 1 | Z24: 1 | AA24: 1 | AB24: 1 | AC24: 1
B25: =C25*(1+$B$2) -> 0 | C25: 0 | G25: =(I25)+(J25*$J$2)+(M25*$M$2)+(P25*$P$2)+(S25*$S$2)+(V25*$V$2)+(Y25*$Y$2)+(Z25*$Z$2)+(AA25*$AA$2)+(AB25*$AB$2)+(AC25*$AC$2) -> 0 | H25: =SUM(F25,-G25) -> 0 | K25: =J25*C25 -> 0 | L25: =J25*B25 -> 0 | N25: =M25*C25 -> 0 | O25: =M25*B25 -> 0 | Q25: =P25*C25 -> 0 | R25: =P25*B25 -> 0 | T25: =S25*C25 -> 0 | U25: =S25*B25 -> 0 | W25: =V25*C25 -> 0 | X25: =V25*B25 -> 0
B26: =C26*(1+$B$2) -> 0 | C26: 0 | G26: =(I26)+(J26*$J$2)+(M26*$M$2)+(P26*$P$2)+(S26*$S$2)+(V26*$V$2)+(Y26*$Y$2)+(Z26*$Z$2)+(AA26*$AA$2)+(AB26*$AB$2)+(AC26*$AC$2) -> 0 | H26: =SUM(F26,-G26) -> 0 | K26: =J26*C26 -> 0 | L26: =J26*B26 -> 0 | N26: =M26*C26 -> 0 | O26: =M26*B26 -> 0 | Q26: =P26*C26 -> 0 | R26: =P26*B26 -> 0 | T26: =S26*C26 -> 0 | U26: =S26*B26 -> 0 | W26: =V26*C26 -> 0 | X26: =V26*B26 -> 0
B27: =C27*(1+$B$2) -> 0 | C27: 0 | G27: =(I27)+(J27*$J$2)+(M27*$M$2)+(P27*$P$2)+(S27*$S$2)+(V27*$V$2)+(Y27*$Y$2)+(Z27*$Z$2)+(AA27*$AA$2)+(AB27*$AB$2)+(AC27*$AC$2) -> 0 | H27: =SUM(F27,-G27) -> 0 | K27: =J27*C27 -> 0 | L27: =J27*B27 -> 0 | N27: =M27*C27 -> 0 | O27: =M27*B27 -> 0 | Q27: =P27*C27 -> 0 | R27: =P27*B27 -> 0 | T27: =S27*C27 -> 0 | U27: =S27*B27 -> 0 | W27: =V27*C27 -> 0 | X27: =V27*B27 -> 0
B28: =C28*(1+$B$2) -> 0 | C28: 0 | G28: =(I28)+(J28*$J$2)+(M28*$M$2)+(P28*$P$2)+(S28*$S$2)+(V28*$V$2)+(Y28*$Y$2)+(Z28*$Z$2)+(AA28*$AA$2)+(AB28*$AB$2)+(AC28*$AC$2) -> 0 | H28: =SUM(F28,-G28) -> 0 | K28: =J28*C28 -> 0 | L28: =J28*B28 -> 0 | N28: =M28*C28 -> 0 | O28: =M28*B28 -> 0 | Q28: =P28*C28 -> 0 | R28: =P28*B28 -> 0 | T28: =S28*C28 -> 0 | U28: =S28*B28 -> 0 | W28: =V28*C28 -> 0 | X28: =V28*B28 -> 0
B29: =C29*(1+$B$2) -> 0 | C29: 0 | G29: =(I29)+(J29*$J$2)+(M29*$M$2)+(P29*$P$2)+(S29*$S$2)+(V29*$V$2)+(Y29*$Y$2)+(Z29*$Z$2)+(AA29*$AA$2)+(AB29*$AB$2)+(AC29*$AC$2) -> 0 | H29: =SUM(F29,-G29) -> 0 | K29: =J29*C29 -> 0 | L29: =J29*B29 -> 0 | N29: =M29*C29 -> 0 | O29: =M29*B29 -> 0 | Q29: =P29*C29 -> 0 | R29: =P29*B29 -> 0 | T29: =S29*C29 -> 0 | U29: =S29*B29 -> 0 | W29: =V29*C29 -> 0 | X29: =V29*B29 -> 0
A30: vase | B30: =C30*(1+$B$2) -> 0 | C30: 0 | G30: =(I30)+(J30*$J$2)+(M30*$M$2)+(P30*$P$2)+(S30*$S$2)+(V30*$V$2)+(Y30*$Y$2)+(Z30*$Z$2)+(AA30*$AA$2)+(AB30*$AB$2)+(AC30*$AC$2) -> 215 | H30: =SUM(F30,-G30) -> -215 | K30: =J30*C30 -> 0 | L30: =J30*B30 -> 0 | N30: =M30*C30 -> 0 | O30: =M30*B30 -> 0 | Q30: =P30*C30 -> 0 | R30: =P30*B30 -> 0 | T30: =S30*C30 -> 0 | U30: =S30*B30 -> 0 | W30: =V30*C30 -> 0 | X30: =V30*B30 -> 0 | Y30: 24 | Z30: 20 | AA30: 5 | AB30: 16 | AC30: 10
B31: =C31*(1+$B$2) -> 0 | C31: 0 | G31: =(I31)+(J31*$J$2)+(M31*$M$2)+(P31*$P$2)+(S31*$S$2)+(V31*$V$2)+(Y31*$Y$2)+(Z31*$Z$2)+(AA31*$AA$2)+(AB31*$AB$2)+(AC31*$AC$2) -> 0 | H31: =SUM(F31,-G31) -> 0 | K31: =J31*C31 -> 0 | L31: =J31*B31 -> 0 | N31: =M31*C31 -> 0 | O31: =M31*B31 -> 0 | Q31: =P31*C31 -> 0 | R31: =P31*B31 -> 0 | T31: =S31*C31 -> 0 | U31: =S31*B31 -> 0 | W31: =V31*C31 -> 0 | X31: =V31*B31 -> 0
A33: Totals just for floral material | K33: =SUM(K3:K31) -> #VALUE! | L33: =SUM(L3:L31) -> #VALUE! | N33: =SUM(N3:N31) -> 29.65 | O33: =SUM(O3:O31) -> 44.475 | Q33: =SUM(Q3:Q31) -> 16.2 | R33: =SUM(R3:R31) -> 24.3 | T33: =SUM(T3:T31) -> 59.35 | U33: =SUM(U3:U31) -> 89.025 | W33: =SUM(W3:W31) -> 44.9375 | X33: =SUM(X3:X31) -> 67.40625
A34: labor | K34: =(20*1.33)*5/60 -> 2.2166667 | L34: =((20*1.33)*5/60)*1.5 -> 3.325 | N34: =(20*1.33)*7.5/60 -> 3.325 | O34: =((20*1.33)*7/60)*1.5 -> 4.655 | Q34: =(20*1.33)*5/60 -> 2.2166667 | R34: =(20*1.33)*7/60 -> 3.1033333 | T34: =(20*1.33)*10/60 -> 4.4333333 | U34: =((20*1.33)*10/60)*1.5 -> 6.65 | W34: =(20*1.33)*10/60 -> 4.4333333 | X34: =((20*1.33)*10/60)*1.5 -> 6.65
A35: total with labor | K35: =SUM(K33:K34) -> #VALUE! | L35: =SUM(L33:L34) -> #VALUE! | N35: =SUM(N33:N34) -> 32.975 | O35: =SUM(O33:O34) -> 49.13 | Q35: =SUM(Q33:Q34) -> 18.416667 | R35: =SUM(R33:R34) -> 27.403333 | T35: =SUM(T33:T34) -> 63.783333 | U35: =SUM(U33:U34) -> 95.675 | W35: =SUM(W33:W34) -> 49.370833 | X35: =SUM(X33:X34) -> 74.05625
A37: cost to go to market
A38: total including cost to go to market

Sheet 05.14.22
A1: Flower | B1: retail price | C1: average wholesale price | D1: MVFC price | E1: Potomac Floral price | F1: starting # stems | G1: total # stems needed for all bouquets | H1: # stems left over | I1: # stems in subscription | J1: # stems in $25 bouquet | K1: wholesale cost of $25 | L1: retail price of $25 | M1: # stems in $35 bouquet | N1: wholesale cost of $35 | O1: retail price of $35 | P1: # stems in straight bunch | Q1: wholesale cost straight bunch | R1: retail price of straight bunch | S1: # stems in peony straight bunch | T1: wholesale cost peony straight bunch | U1: retail price peony straight bunch
A2: retail markup | B2: 0.5 | J2: 24 | M2: 15 | P2: 10 | S2: 0
A3: Coral Charm peony | B3: =C3*(1+$B$2) -> 5.9625 | C3: =AVERAGE(D3:E3) -> 3.975 | D3: 4 | E3: 3.95 | F3: 27 | G3: =(I3)+(J3*$J$2)+(M3*$M$2)+(P3*$P$2)+(S3*$S$2)+(V3*$V$2)+(Y3*$Y$2)+(Z3*$Z$2)+(AA3*$AA$2)+(AB3*$AB$2)+(AC3*$AC$2) -> 15 | H3: =SUM(F3,-G3) -> 12 | J3: 0 | K3: =J3*C3 -> 0 | L3: =J3*B3 -> 0 | M3: 1 | N3: =M3*C3 -> 3.975 | O3: =M3*B3 -> 5.9625 | Q3: =P3*C3 -> 0 | R3: =P3*B3 -> 0 | S3: 0 | T3: =S3*C3 -> 0 | U3: =S3*B3 -> 0
A4: pink peony | B4: =C4*(1+$B$2) -> 3 | C4: =AVERAGE(D4:E4) -> 2 | D4: 0 | E4: 4 | F4: 0 | G4: =(I4)+(J4*$J$2)+(M4*$M$2)+(P4*$P$2)+(S4*$S$2)+(V4*$V$2)+(Y4*$Y$2)+(Z4*$Z$2)+(AA4*$AA$2)+(AB4*$AB$2)+(AC4*$AC$2) -> 0 | H4: =SUM(F4,-G4) -> 0 | J4: 0 | K4: =J4*C4 -> 0 | L4: =J4*B4 -> 0 | M4: 0 | N4: =M4*C4 -> 0 | O4: =M4*B4 -> 0 | Q4: =P4*C4 -> 0 | R4: =P4*B4 -> 0 | S4: 0 | T4: =S4*C4 -> 0 | U4: =S4*B4 -> 0
A5: pale pink peony | B5: =C5*(1+$B$2) -> 2.9625 | C5: =AVERAGE(D5:E5) -> 1.975 | D5: 0 | E5: 3.95 | F5: 0 | G5: =(I5)+(J5*$J$2)+(M5*$M$2)+(P5*$P$2)+(S5*$S$2)+(V5*$V$2)+(Y5*$Y$2)+(Z5*$Z$2)+(AA5*$AA$2)+(AB5*$AB$2)+(AC5*$AC$2) -> 0 | H5: =SUM(F5,-G5) -> 0 | J5: 0 | K5: =J5*C5 -> 0 | L5: =J5*B5 -> 0 | M5: 0 | N5: =M5*C5 -> 0 | O5: =M5*B5 -> 0 | Q5: =P5*C5 -> 0 | R5: =P5*B5 -> 0 | S5: 0 | T5: =S5*C5 -> 0 | U5: =S5*B5 -> 0
A6: white peony | B6: =C6*(1+$B$2) -> 2.7375 | C6: =AVERAGE(D6:E6) -> 1.825 | D6: 0 | E6: 3.65 | F6: 0 | G6: =(I6)+(J6*$J$2)+(M6*$M$2)+(P6*$P$2)+(S6*$S$2)+(V6*$V$2)+(Y6*$Y$2)+(Z6*$Z$2)+(AA6*$AA$2)+(AB6*$AB$2)+(AC6*$AC$2) -> 0 | H6: =SUM(F6,-G6) -> 0 | J6: 0 | K6: =J6*C6 -> 0 | L6: =J6*B6 -> 0 | M6: 0 | N6: =M6*C6 -> 0 | O6: =M6*B6 -> 0 | Q6: =P6*C6 -> 0 | R6: =P6*B6 -> 0 | S6: 0 | T6: =S6*C6 -> 0 | U6: =S6*B6 -> 0
A7: ranunculus | B7: =C7*(1+$B$2) -> 2.475 | C7: =AVERAGE(D7:E7) -> 1.65 | D7: 1.5 | E7: 1.8 | F7: 500 | G7: =(I7)+(J7*$J$2)+(M7*$M$2)+(P7*$P$2)+(S7*$S$2)+(V7*$V$2)+(Y7*$Y$2)+(Z7*$Z$2)+(AA7*$AA$2)+(AB7*$AB$2)+(AC7*$AC$2) -> 342 | H7: =SUM(F7,-G7) -> 158 | J7: 8 | K7: =J7*C7 -> 13.2 | L7: =J7*B7 -> 19.8 | M7: 8 | N7: =M7*C7 -> 13.2 | O7: =M7*B7 -> 19.8 | P7: 3 | Q7: =P7*C7 -> 4.95 | R7: =P7*B7 -> 7.425 | S7: 0 | T7: =S7*C7 -> 0 | U7: =S7*B7 -> 0
A8: anemone | B8: =C8*(1+$B$2) -> 2.4 | C8: =AVERAGE(D8:E8) -> 1.6 | D8: 1.5 | E8: 1.7 | F8: 50 | G8: =(I8)+(J8*$J$2)+(M8*$M$2)+(P8*$P$2)+(S8*$S$2)+(V8*$V$2)+(Y8*$Y$2)+(Z8*$Z$2)+(AA8*$AA$2)+(AB8*$AB$2)+(AC8*$AC$2) -> 39 | H8: =SUM(F8,-G8) -> 11 | J8: 1 | K8: =J8*C8 -> 1.6 | L8: =J8*B8 -> 2.4 | M8: 1 | N8: =M8*C8 -> 1.6 | O8: =M8*B8 -> 2.4 | Q8: =P8*C8 -> 0 | R8: =P8*B8 -> 0 | S8: 0 | T8: =S8*C8 -> 0 | U8: =S8*B8 -> 0
A9: Iceland poppy | B9: =C9*(1+$B$2) -> 2.625 | C9: =AVERAGE(D9:E9) -> 1.75 | D9: 1.5 | E9: 2 | F9: 40 | G9: =(I9)+(J9*$J$2)+(M9*$M$2)+(P9*$P$2)+(S9*$S$2)+(V9*$V$2)+(Y9*$Y$2)+(Z9*$Z$2)+(AA9*$AA$2)+(AB9*$AB$2)+(AC9*$AC$2) -> 54 | H9: =SUM(F9,-G9) -> -14 | J9: 1 | K9: =J9*C9 -> 1.75 | L9: =J9*B9 -> 2.625 | M9: 2 | N9: =M9*C9 -> 3.5 | O9: =M9*B9 -> 5.25 | Q9: =P9*C9 -> 0 | R9: =P9*B9 -> 0 | S9: 0 | T9: =S9*C9 -> 0 | U9: =S9*B9 -> 0
A10: allium | B10: =C10*(1+$B$2) -> 2.775 | C10: =AVERAGE(D10:E10) -> 1.85 | D10: 1.25 | E10: 2.45 | F10: 5 | G10: =(I10)+(J10*$J$2)+(M10*$M$2)+(P10*$P$2)+(S10*$S$2)+(V10*$V$2)+(Y10*$Y$2)+(Z10*$Z$2)+(AA10*$AA$2)+(AB10*$AB$2)+(AC10*$AC$2) -> 0 | H10: =SUM(F10,-G10) -> 5 | J10: 0 | K10: =J10*C10 -> 0 | L10: =J10*B10 -> 0 | M10: 0 | N10: =M10*C10 -> 0 | O10: =M10*B10 -> 0 | Q10: =P10*C10 -> 0 | R10: =P10*B10 -> 0 | S10: 0 | T10: =S10*C10 -> 0 | U10: =S10*B10 -> 0
A11: lilac | B11: =C11*(1+$B$2) -> 3 | C11: =AVERAGE(D11:E11) -> 2 | D11: 1 | E11: 3 | F11: 0 | G11: =(I11)+(J11*$J$2)+(M11*$M$2)+(P11*$P$2)+(S11*$S$2)+(V11*$V$2)+(Y11*$Y$2)+(Z11*$Z$2)+(AA11*$AA$2)+(AB11*$AB$2)+(AC11*$AC$2) -> 0 | H11: =SUM(F11,-G11) -> 0 | J11: 0 | K11: =J11*C11 -> 0 | L11: =J11*B11 -> 0 | M11: 0 | N11: =M11*C11 -> 0 | O11: =M11*B11 -> 0 | Q11: =P11*C11 -> 0 | R11: =P11*B11 -> 0 | S11: 0 | T11: =S11*C11 -> 0 | U11: =S11*B11 -> 0
A12: dogwood branch | B12: =C12*(1+$B$2) -> 2.25 | C12: =AVERAGE(D12:E12) -> 1.5 | D12: 1.5 | F12: 0 | G12: =(I12)+(J12*$J$2)+(M12*$M$2)+(P12*$P$2)+(S12*$S$2)+(V12*$V$2)+(Y12*$Y$2)+(Z12*$Z$2)+(AA12*$AA$2)+(AB12*$AB$2)+(AC12*$AC$2) -> 0 | H12: =SUM(F12,-G12) -> 0 | J12: 0 | K12: =J12*C12 -> 0 | L12: =J12*B12 -> 0 | M12: 0 | N12: =M12*C12 -> 0 | O12: =M12*B12 -> 0 | Q12: =P12*C12 -> 0 | R12: =P12*B12 -> 0 | S12: 0 | T12: =S12*C12 -> 0 | U12: =S12*B12 -> 0
A13: daffodil | B13: =C13*(1+$B$2) -> 1.725 | C13: =AVERAGE(D13:E13) -> 1.15 | D13: 1.15 | F13: 0 | G13: =(I13)+(J13*$J$2)+(M13*$M$2)+(P13*$P$2)+(S13*$S$2)+(V13*$V$2)+(Y13*$Y$2)+(Z13*$Z$2)+(AA13*$AA$2)+(AB13*$AB$2)+(AC13*$AC$2) -> 24 | H13: =SUM(F13,-G13) -> -24 | J13: 1 | K13: =J13*C13 -> 1.15 | L13: =J13*B13 -> 1.725 | M13: 0 | N13: =M13*C13 -> 0 | O13: =M13*B13 -> 0 | Q13: =P13*C13 -> 0 | R13: =P13*B13 -> 0 | S13: 0 | T13: =S13*C13 -> 0 | U13: =S13*B13 -> 0
A14: snowball branch | B14: =C14*(1+$B$2) -> 4.5 | C14: =AVERAGE(D14:E14) -> 3 | D14: 2 | E14: 4 | F14: 50 | G14: =(I14)+(J14*$J$2)+(M14*$M$2)+(P14*$P$2)+(S14*$S$2)+(V14*$V$2)+(Y14*$Y$2)+(Z14*$Z$2)+(AA14*$AA$2)+(AB14*$AB$2)+(AC14*$AC$2) -> 39 | H14: =SUM(F14,-G14) -> 11 | J14: 1 | K14: =J14*C14 -> 3 | L14: =J14*B14 -> 4.5 | M14: 1 | N14: =M14*C14 -> 3 | O14: =M14*B14 -> 4.5 | Q14: =P14*C14 -> 0 | R14: =P14*B14 -> 0 | S14: 0 | T14: =S14*C14 -> 0 | U14: =S14*B14 -> 0
A15: stock | B15: =C15*(1+$B$2) -> 1.725 | C15: =AVERAGE(D15:E15) -> 1.15 | D15: 1.25 | E15: 1.05 | F15: 0 | G15: =(I15)+(J15*$J$2)+(M15*$M$2)+(P15*$P$2)+(S15*$S$2)+(V15*$V$2)+(Y15*$Y$2)+(Z15*$Z$2)+(AA15*$AA$2)+(AB15*$AB$2)+(AC15*$AC$2) -> 0 | H15: =SUM(F15,-G15) -> 0 | J15: 0 | K15: =J15*C15 -> 0 | L15: =J15*B15 -> 0 | N15: =M15*C15 -> 0 | O15: =M15*B15 -> 0 | Q15: =P15*C15 -> 0 | R15: =P15*B15 -> 0 | T15: =S15*C15 -> 0 | U15: =S15*B15 -> 0
A16: delphinium | B16: =C16*(1+$B$2) -> 2.55 | C16: =AVERAGE(D16:E16) -> 1.7 | E16: 1.7 | F16: 2 | G16: =(I16)+(J16*$J$2)+(M16*$M$2)+(P16*$P$2)+(S16*$S$2)+(V16*$V$2)+(Y16*$Y$2)+(Z16*$Z$2)+(AA16*$AA$2)+(AB16*$AB$2)+(AC16*$AC$2) -> 0 | H16: =SUM(F16,-G16) -> 2 | J16: 0 | K16: =J16*C16 -> 0 | L16: =J16*B16 -> 0 | M16: 0 | N16: =M16*C16 -> 0 | O16: =M16*B16 -> 0 | Q16: =P16*C16 -> 0 | R16: =P16*B16 -> 0 | S16: 0 | T16: =S16*C16 -> 0 | U16: =S16*B16 -> 0
A17: bleeding heart | B17: =C17*(1+$B$2) -> 2.25 | C17: =AVERAGE(D17:E17) -> 1.5 | D17: 1.5 | F17: 15 | G17: =(I17)+(J17*$J$2)+(M17*$M$2)+(P17*$P$2)+(S17*$S$2)+(V17*$V$2)+(Y17*$Y$2)+(Z17*$Z$2)+(AA17*$AA$2)+(AB17*$AB$2)+(AC17*$AC$2) -> 15 | H17: =SUM(F17,-G17) -> 0 | J17: 0 | K17: =J17*C17 -> 0 | L17: =J17*B17 -> 0 | M17: 1 | N17: =M17*C17 -> 1.5 | O17: =M17*B17 -> 2.25 | Q17: =P17*C17 -> 0 | R17: =P17*B17 -> 0 | S17: 0 | T17: =S17*C17 -> 0 | U17: =S17*B17 -> 0
A18: deutzia | B18: =C18*(1+$B$2) -> 2.25 | C18: =AVERAGE(D18:E18) -> 1.5 | D18: 1.5 | F18: 40 | G18: =(I18)+(J18*$J$2)+(M18*$M$2)+(P18*$P$2)+(S18*$S$2)+(V18*$V$2)+(Y18*$Y$2)+(Z18*$Z$2)+(AA18*$AA$2)+(AB18*$AB$2)+(AC18*$AC$2) -> 24 | H18: =SUM(F18,-G18) -> 16 | J18: 1 | K18: =J18*C18 -> 1.5 | L18: =J18*B18 -> 2.25 | M18: 0 | N18: =M18*C18 -> 0 | O18: =M18*B18 -> 0 | Q18: =P18*C18 -> 0 | R18: =P18*B18 -> 0 | S18: 0 | T18: =S18*C18 -> 0 | U18: =S18*B18 -> 0
A19: privet | B19: =C19*(1+$B$2) -> 2.25 | C19: =AVERAGE(D19:E19) -> 1.5 | D19: 1.5 | F19: 30 | G19: =(I19)+(J19*$J$2)+(M19*$M$2)+(P19*$P$2)+(S19*$S$2)+(V19*$V$2)+(Y19*$Y$2)+(Z19*$Z$2)+(AA19*$AA$2)+(AB19*$AB$2)+(AC19*$AC$2) -> 0 | H19: =SUM(F19,-G19) -> 30 | J19: 0 | K19: =J19*C19 -> 0 | L19: =J19*B19 -> 0 | M19: 0 | N19: =M19*C19 -> 0 | O19: =M19*B19 -> 0 | Q19: =P19*C19 -> 0 | R19: =P19*B19 -> 0 | S19: 0 | T19: =S19*C19 -> 0 | U19: =S19*B19 -> 0
A20: euonymous | B20: =C20*(1+$B$2) -> 1.8 | C20: =AVERAGE(D20:E20) -> 1.2 | D20: 1.2 | F20: 0 | G20: =(I20)+(J20*$J$2)+(M20*$M$2)+(P20*$P$2)+(S20*$S$2)+(V20*$V$2)+(Y20*$Y$2)+(Z20*$Z$2)+(AA20*$AA$2)+(AB20*$AB$2)+(AC20*$AC$2) -> 0 | H20: =SUM(F20,-G20) -> 0 | K20: =J20*C20 -> 0 | L20: =J20*B20 -> 0 | N20: =M20*C20 -> 0 | O20: =M20*B20 -> 0 | Q20: =P20*C20 -> 0 | R20: =P20*B20 -> 0 | S20: 0 | T20: =S20*C20 -> 0 | U20: =S20*B20 -> 0
A21: snowberry foliage | B21: =C21*(1+$B$2) -> 1.65 | C21: =AVERAGE(D21:E21) -> 1.1 | D21: 1.1 | F21: 40 | G21: =(I21)+(J21*$J$2)+(M21*$M$2)+(P21*$P$2)+(S21*$S$2)+(V21*$V$2)+(Y21*$Y$2)+(Z21*$Z$2)+(AA21*$AA$2)+(AB21*$AB$2)+(AC21*$AC$2) -> 34 | H21: =SUM(F21,-G21) -> 6 | J21: 1 | K21: =J21*C21 -> 1.1 | L21: =J21*B21 -> 1.65 | M21: 0 | N21: =M21*C21 -> 0 | O21: =M21*B21 -> 0 | P21: 1 | Q21: =P21*C21 -> 1.1 | R21: =P21*B21 -> 1.65 | T21: =S21*C21 -> 0 | U21: =S21*B21 -> 0
A22: spirea | B22: =C22*(1+$B$2) -> 2.4 | C22: =AVERAGE(D22:E22) -> 1.6 | D22: 1.6 | F22: 100 | G22: =(I22)+(J22*$J$2)+(M22*$M$2)+(P22*$P$2)+(S22*$S$2)+(V22*$V$2)+(Y22*$Y$2)+(Z22*$Z$2)+(AA22*$AA$2)+(AB22*$AB$2)+(AC22*$AC$2) -> 93 | H22: =SUM(F22,-G22) -> 7 | J22: 2 | K22: =J22*C22 -> 3.2 | L22: =J22*B22 -> 4.8 | M22: 3 | N22: =M22*C22 -> 4.8 | O22: =M22*B22 -> 7.2 | Q22: =P22*C22 -> 0 | R22: =P22*B22 -> 0 | S22: 0 | T22: =S22*C22 -> 0 | U22: =S22*B22 -> 0
A23: mockorange | B23: =C23*(1+$B$2) -> 2.25 | C23: =AVERAGE(D23:E23) -> 1.5 | D23: 1.5 | F23: 40 | G23: =(I23)+(J23*$J$2)+(M23*$M$2)+(P23*$P$2)+(S23*$S$2)+(V23*$V$2)+(Y23*$Y$2)+(Z23*$Z$2)+(AA23*$AA$2)+(AB23*$AB$2)+(AC23*$AC$2) -> 39 | H23: =SUM(F23,-G23) -> 1 | J23: 1 | K23: =J23*C23 -> 1.5 | L23: =J23*B23 -> 2.25 | M23: 1 | N23: =M23*C23 -> 1.5 | O23: =M23*B23 -> 2.25 | Q23: =P23*C23 -> 0 | R23: =P23*B23 -> 0 | T23: =S23*C23 -> 0 | U23: =S23*B23 -> 0
A24: honeysuckle | B24: =C24*(1+$B$2) -> 1.875 | C24: =AVERAGE(D24:E24) -> 1.25 | D24: 1.25 | F24: 0 | G24: =(I24)+(J24*$J$2)+(M24*$M$2)+(P24*$P$2)+(S24*$S$2)+(V24*$V$2)+(Y24*$Y$2)+(Z24*$Z$2)+(AA24*$AA$2)+(AB24*$AB$2)+(AC24*$AC$2) -> 0 | H24: =SUM(F24,-G24) -> 0 | K24: =J24*C24 -> 0 | L24: =J24*B24 -> 0 | N24: =M24*C24 -> 0 | O24: =M24*B24 -> 0 | Q24: =P24*C24 -> 0 | R24: =P24*B24 -> 0 | T24: =S24*C24 -> 0 | U24: =S24*B24 -> 0
A25: lovage | B25: =C25*(1+$B$2) -> 1.875 | C25: =AVERAGE(D25:E25) -> 1.25 | D25: 1.25 | F25: 15 | G25: =(I25)+(J25*$J$2)+(M25*$M$2)+(P25*$P$2)+(S25*$S$2)+(V25*$V$2)+(Y25*$Y$2)+(Z25*$Z$2)+(AA25*$AA$2)+(AB25*$AB$2)+(AC25*$AC$2) -> 15 | H25: =SUM(F25,-G25) -> 0 | J25: 0 | K25: =J25*C25 -> 0 | L25: =J25*B25 -> 0 | M25: 1 | N25: =M25*C25 -> 1.25 | O25: =M25*B25 -> 1.875 | Q25: =P25*C25 -> 0 | R25: =P25*B25 -> 0 | T25: =S25*C25 -> 0 | U25: =S25*B25 -> 0
A26: raspberry foliage | B26: =C26*(1+$B$2) -> 1.875 | C26: =AVERAGE(D26:E26) -> 1.25 | D26: 1.25 | F26: 20 | G26: =(I26)+(J26*$J$2)+(M26*$M$2)+(P26*$P$2)+(S26*$S$2)+(V26*$V$2)+(Y26*$Y$2)+(Z26*$Z$2)+(AA26*$AA$2)+(AB26*$AB$2)+(AC26*$AC$2) -> 15 | H26: =SUM(F26,-G26) -> 5 | J26: 0 | K26: =J26*C26 -> 0 | L26: =J26*B26 -> 0 | M26: 1 | N26: =M26*C26 -> 1.25 | O26: =M26*B26 -> 1.875 | Q26: =P26*C26 -> 0 | R26: =P26*B26 -> 0 | T26: =S26*C26 -> 0 | U26: =S26*B26 -> 0
A27: agrostemma | B27: =C27*(1+$B$2) -> 1.875 | C27: =AVERAGE(D27:E27) -> 1.25 | D27: 1.25 | G27: =(I27)+(J27*$J$2)+(M27*$M$2)+(P27*$P$2)+(S27*$S$2)+(V27*$V$2)+(Y27*$Y$2)+(Z27*$Z$2)+(AA27*$AA$2)+(AB27*$AB$2)+(AC27*$AC$2) -> 0 | H27: =SUM(F27,-G27) -> 0 | K27: =J27*C27 -> 0 | L27: =J27*B27 -> 0 | N27: =M27*C27 -> 0 | O27: =M27*B27 -> 0 | Q27: =P27*C27 -> 0 | R27: =P27*B27 -> 0 | T27: =S27*C27 -> 0 | U27: =S27*B27 -> 0
A28: bachelor's buttons | B28: =C28*(1+$B$2) -> 1.695 | C28: =AVERAGE(D28:E28) -> 1.13 | D28: 1.13 | G28: =(I28)+(J28*$J$2)+(M28*$M$2)+(P28*$P$2)+(S28*$S$2)+(V28*$V$2)+(Y28*$Y$2)+(Z28*$Z$2)+(AA28*$AA$2)+(AB28*$AB$2)+(AC28*$AC$2) -> 0 | H28: =SUM(F28,-G28) -> 0 | K28: =J28*C28 -> 0 | L28: =J28*B28 -> 0 | N28: =M28*C28 -> 0 | O28: =M28*B28 -> 0 | Q28: =P28*C28 -> 0 | R28: =P28*B28 -> 0 | T28: =S28*C28 -> 0 | U28: =S28*B28 -> 0
A29: baptisia | B29: =C29*(1+$B$2) -> 2.1 | C29: =AVERAGE(D29:E29) -> 1.4 | D29: 1.4 | H29: =SUM(F29,-G29) -> 0 | K29: =J29*C29 -> 0 | L29: =J29*B29 -> 0 | N29: =M29*C29 -> 0 | O29: =M29*B29 -> 0 | Q29: =P29*C29 -> 0 | R29: =P29*B29 -> 0 | T29: =S29*C29 -> 0 | U29: =S29*B29 -> 0
A30: bupleurum | B30: =C30*(1+$B$2) -> 1.5 | C30: =AVERAGE(D30:E30) -> 1 | D30: 1.1 | E30: 0.9 | G30: =(I30)+(J30*$J$2)+(M30*$M$2)+(P30*$P$2)+(S30*$S$2)+(V30*$V$2)+(Y30*$Y$2)+(Z30*$Z$2)+(AA30*$AA$2)+(AB30*$AB$2)+(AC30*$AC$2) -> 0 | H30: =SUM(F30,-G30) -> 0 | K30: =J30*C30 -> 0 | L30: =J30*B30 -> 0 | N30: =M30*C30 -> 0 | O30: =M30*B30 -> 0 | Q30: =P30*C30 -> 0 | R30: =P30*B30 -> 0 | T30: =S30*C30 -> 0 | U30: =S30*B30 -> 0
A31: campanula | B31: =C31*(1+$B$2) -> 3.3675 | C31: =AVERAGE(D31:E31) -> 2.245 | D31: 1.3 | E31: 3.19 | G31: =(I31)+(J31*$J$2)+(M31*$M$2)+(P31*$P$2)+(S31*$S$2)+(V31*$V$2)+(Y31*$Y$2)+(Z31*$Z$2)+(AA31*$AA$2)+(AB31*$AB$2)+(AC31*$AC$2) -> 0 | H31: =SUM(F31,-G31) -> 0 | K31: =J31*C31 -> 0 | L31: =J31*B31 -> 0 | N31: =M31*C31 -> 0 | O31: =M31*B31 -> 0 | Q31: =P31*C31 -> 0 | R31: =P31*B31 -> 0 | T31: =S31*C31 -> 0 | U31: =S31*B31 -> 0
A33: Totals just for floral material | K33: =SUM(K3:K31) -> 28 | L33: =SUM(L3:L31) -> 42 | N33: =SUM(N3:N31) -> 35.575 | O33: =SUM(O3:O31) -> 53.3625 | Q33: =SUM(Q3:Q31) -> 6.05 | R33: =SUM(R3:R31) -> 9.075 | T33: =SUM(T3:T31) -> 0 | U33: =SUM(U3:U31) -> 0
A34: labor | K34: =(20*1.33)*5/60 -> 2.2166667 | L34: =((20*1.33)*5/60)*1.5 -> 3.325 | N34: =(20*1.33)*7.5/60 -> 3.325 | O34: =((20*1.33)*7/60)*1.5 -> 4.655 | Q34: =(20*1.33)*5/60 -> 2.2166667 | R34: =(20*1.33)*7/60 -> 3.1033333 | T34: =(20*1.33)*5/60 -> 2.2166667 | U34: =((20*1.33)*5/60)*1.5 -> 3.325
A35: total with labor | K35: =SUM(K33:K34) -> 30.216667 | L35: =SUM(L33:L34) -> 45.325 | N35: =SUM(N33:N34) -> 38.9 | O35: =SUM(O33:O34) -> 58.0175 | Q35: =SUM(Q33:Q34) -> 8.2666667 | R35: =SUM(R33:R34) -> 12.178333 | T35: =SUM(T33:T34) -> 2.2166667 | U35: =SUM(U33:U34) -> 3.325
A37: cost to go to market
A38: total including cost to go to market

Sheet 05.21.22
A1: Flower | B1: retail price | C1: average wholesale price | D1: MVFC price | E1: Potomac Floral price | F1: starting # stems | G1: total # stems needed for all bouquets | H1: # stems left over | I1: # stems in subscription | J1: # stems in $25 bouquet | K1: wholesale cost of $25 | L1: retail price of $25 | M1: # stems in $35 bouquet | N1: wholesale cost of $35 | O1: retail price of $35 | P1: # stems in straight bunch | Q1: wholesale cost straight bunch | R1: retail price of straight bunch | S1: # stems in peony straight bunch | T1: wholesale cost peony straight bunch | U1: retail price peony straight bunch | V1: # stems in sub bouquet | W1: wholesale cost sub bouquet | X1: retail price of sub bouquet | Y1: # stems Super Deluxe MD arrangement | Z1: # stems Deluxe MD arrangement | AA1: # stems hobnail MD arrangement | AB1: # stems iridescent MD arrangement | AC1: # stems Tall Jupiter MD arrangement
A2: retail markup | B2: 0.5 | J2: 24 | M2: 15 | P2: 10 | S2: 0 | V2: 1 | Y2: 0 | Z2: 0 | AA2: 0 | AB2: 0 | AC2: 0
A3: Coral Charm peony | B3: =C3*(1+$B$2) -> 5.9625 | C3: =AVERAGE(D3:E3) -> 3.975 | D3: 4 | E3: 3.95 | F3: 27 | G3: =(I3)+(J3*$J$2)+(M3*$M$2)+(P3*$P$2)+(S3*$S$2)+(V3*$V$2)+(Y3*$Y$2)+(Z3*$Z$2)+(AA3*$AA$2)+(AB3*$AB$2)+(AC3*$AC$2) -> 16 | H3: =SUM(F3,-G3) -> 11 | J3: 0 | K3: =J3*C3 -> 0 | L3: =J3*B3 -> 0 | M3: 1 | N3: =M3*C3 -> 3.975 | O3: =M3*B3 -> 5.9625 | Q3: =P3*C3 -> 0 | R3: =P3*B3 -> 0 | S3: 0 | T3: =S3*C3 -> 0 | U3: =S3*B3 -> 0 | V3: 1 | W3: =V3*C3 -> 3.975 | X3: =V3*B3 -> 5.9625 | Y3: 3 | Z3: 1 | AA3: 1 | AB3: 1 | AC3: 1
A4: dark pink peony | B4: =C4*(1+$B$2) -> 6.7125 | C4: =AVERAGE(D4:E4) -> 4.475 | D4: 4 | E4: 4.95 | F4: 27 | G4: =(I4)+(J4*$J$2)+(M4*$M$2)+(P4*$P$2)+(S4*$S$2)+(V4*$V$2)+(Y4*$Y$2)+(Z4*$Z$2)+(AA4*$AA$2)+(AB4*$AB$2)+(AC4*$AC$2) -> 56 | H4: =SUM(F4,-G4) -> -29 | J4: 1 | K4: =J4*C4 -> 4.475 | L4: =J4*B4 -> 6.7125 | M4: 2 | N4: =M4*C4 -> 8.95 | O4: =M4*B4 -> 13.425 | Q4: =P4*C4 -> 0 | R4: =P4*B4 -> 0 | S4: 1 | T4: =S4*C4 -> 4.475 | U4: =S4*B4 -> 6.7125 | V4: 2 | W4: =V4*C4 -> 8.95 | X4: =V4*B4 -> 13.425 | Y4: 3 | Z4: 1 | AA4: 1 | AB4: 1 | AC4: 1
A5: pink peony | B5: =C5*(1+$B$2) -> 4.95 | C5: =AVERAGE(D5:E5) -> 3.3 | D5: 3 | E5: 3.6 | F5: 0 | G5: =(I5)+(J5*$J$2)+(M5*$M$2)+(P5*$P$2)+(S5*$S$2)+(V5*$V$2)+(Y5*$Y$2)+(Z5*$Z$2)+(AA5*$AA$2)+(AB5*$AB$2)+(AC5*$AC$2) -> 0 | H5: =SUM(F5,-G5) -> 0 | J5: 0 | K5: =J5*C5 -> 0 | L5: =J5*B5 -> 0 | M5: 0 | N5: =M5*C5 -> 0 | O5: =M5*B5 -> 0 | Q5: =P5*C5 -> 0 | R5: =P5*B5 -> 0 | S5: 0 | T5: =S5*C5 -> 0 | U5: =S5*B5 -> 0 | V5: 0 | W5: =V5*C5 -> 0 | X5: =V5*B5 -> 0 | Y5: 3 | Z5: 3 | AA5: 2 | AB5: 1 | AC5: 1
A6: pale pink peony | B6: =C6*(1+$B$2) -> 5.9625 | C6: =AVERAGE(D6:E6) -> 3.975 | D6: 4 | E6: 3.95 | F6: 0 | G6: =(I6)+(J6*$J$2)+(M6*$M$2)+(P6*$P$2)+(S6*$S$2)+(V6*$V$2)+(Y6*$Y$2)+(Z6*$Z$2)+(AA6*$AA$2)+(AB6*$AB$2)+(AC6*$AC$2) -> 0 | H6: =SUM(F6,-G6) -> 0 | J6: 0 | K6: =J6*C6 -> 0 | L6: =J6*B6 -> 0 | M6: 0 | N6: =M6*C6 -> 0 | O6: =M6*B6 -> 0 | Q6: =P6*C6 -> 0 | R6: =P6*B6 -> 0 | S6: 0 | T6: =S6*C6 -> 0 | U6: =S6*B6 -> 0 | V6: 0 | W6: =V6*C6 -> 0 | X6: =V6*B6 -> 0 | Y6: 2 | Z6: 2 | AA6: 2 | AB6: 2 | AC6: 0
A7: white peony | B7: =C7*(1+$B$2) -> 4.9875 | C7: =AVERAGE(D7:E7) -> 3.325 | D7: 3 | E7: 3.65 | F7: 0 | G7: =(I7)+(J7*$J$2)+(M7*$M$2)+(P7*$P$2)+(S7*$S$2)+(V7*$V$2)+(Y7*$Y$2)+(Z7*$Z$2)+(AA7*$AA$2)+(AB7*$AB$2)+(AC7*$AC$2) -> 0 | H7: =SUM(F7,-G7) -> 0 | J7: 0 | K7: =J7*C7 -> 0 | L7: =J7*B7 -> 0 | M7: 0 | N7: =M7*C7 -> 0 | O7: =M7*B7 -> 0 | Q7: =P7*C7 -> 0 | R7: =P7*B7 -> 0 | S7: 0 | T7: =S7*C7 -> 0 | U7: =S7*B7 -> 0 | V7: 0 | W7: =V7*C7 -> 0 | X7: =V7*B7 -> 0 | Y7: 3 | Z7: 3 | AA7: 2 | AB7: 3 | AC7: 0
A8: ranunculus | B8: =C8*(1+$B$2) -> 2.475 | C8: =AVERAGE(D8:E8) -> 1.65 | D8: 1.5 | E8: 1.8 | F8: 500 | G8: =(I8)+(J8*$J$2)+(M8*$M$2)+(P8*$P$2)+(S8*$S$2)+(V8*$V$2)+(Y8*$Y$2)+(Z8*$Z$2)+(AA8*$AA$2)+(AB8*$AB$2)+(AC8*$AC$2) -> 350 | H8: =SUM(F8,-G8) -> 150 | J8: 8 | K8: =J8*C8 -> 13.2 | L8: =J8*B8 -> 19.8 | M8: 8 | N8: =M8*C8 -> 13.2 | O8: =M8*B8 -> 19.8 | P8: 3 | Q8: =P8*C8 -> 4.95 | R8: =P8*B8 -> 7.425 | S8: 0 | T8: =S8*C8 -> 0 | U8: =S8*B8 -> 0 | V8: 8 | W8: =V8*C8 -> 13.2 | X8: =V8*B8 -> 19.8 | Y8: 9 | Z8: 7 | AA8: 6 | AB8: 5 | AC8: 4
A9: anemone | B9: =C9*(1+$B$2) -> 2.4 | C9: =AVERAGE(D9:E9) -> 1.6 | D9: 1.5 | E9: 1.7 | F9: 50 | G9: =(I9)+(J9*$J$2)+(M9*$M$2)+(P9*$P$2)+(S9*$S$2)+(V9*$V$2)+(Y9*$Y$2)+(Z9*$Z$2)+(AA9*$AA$2)+(AB9*$AB$2)+(AC9*$AC$2) -> 41 | H9: =SUM(F9,-G9) -> 9 | J9: 1 | K9: =J9*C9 -> 1.6 | L9: =J9*B9 -> 2.4 | M9: 1 | N9: =M9*C9 -> 1.6 | O9: =M9*B9 -> 2.4 | Q9: =P9*C9 -> 0 | R9: =P9*B9 -> 0 | S9: 0 | T9: =S9*C9 -> 0 | U9: =S9*B9 -> 0 | V9: 2 | W9: =V9*C9 -> 3.2 | X9: =V9*B9 -> 4.8 | Y9: 3 | Z9: 2 | AA9: 5 | AB9: 2 | AC9: 3
A10: Iceland poppy | B10: =C10*(1+$B$2) -> 2.625 | C10: =AVERAGE(D10:E10) -> 1.75 | D10: 1.5 | E10: 2 | F10: 40 | G10: =(I10)+(J10*$J$2)+(M10*$M$2)+(P10*$P$2)+(S10*$S$2)+(V10*$V$2)+(Y10*$Y$2)+(Z10*$Z$2)+(AA10*$AA$2)+(AB10*$AB$2)+(AC10*$AC$2) -> 57 | H10: =SUM(F10,-G10) -> -17 | J10: 1 | K10: =J10*C10 -> 1.75 | L10: =J10*B10 -> 2.625 | M10: 2 | N10: =M10*C10 -> 3.5 | O10: =M10*B10 -> 5.25 | Q10: =P10*C10 -> 0 | R10: =P10*B10 -> 0 | S10: 0 | T10: =S10*C10 -> 0 | U10: =S10*B10 -> 0 | V10: 3 | W10: =V10*C10 -> 5.25 | X10: =V10*B10 -> 7.875 | Y10: 1 | Z10: 1 | AA10: 1 | AB10: 1 | AC10: 1
A11: allium | B11: =C11*(1+$B$2) -> 2.775 | C11: =AVERAGE(D11:E11) -> 1.85 | D11: 1.25 | E11: 2.45 | F11: 5 | G11: =(I11)+(J11*$J$2)+(M11*$M$2)+(P11*$P$2)+(S11*$S$2)+(V11*$V$2)+(Y11*$Y$2)+(Z11*$Z$2)+(AA11*$AA$2)+(AB11*$AB$2)+(AC11*$AC$2) -> 0 | H11: =SUM(F11,-G11) -> 5 | J11: 0 | K11: =J11*C11 -> 0 | L11: =J11*B11 -> 0 | M11: 0 | N11: =M11*C11 -> 0 | O11: =M11*B11 -> 0 | Q11: =P11*C11 -> 0 | R11: =P11*B11 -> 0 | S11: 0 | T11: =S11*C11 -> 0 | U11: =S11*B11 -> 0 | V11: 0 | W11: =V11*C11 -> 0 | X11: =V11*B11 -> 0 | Y11: 0 | Z11: 0 | AA11: 1 | AB11: 0 | AC11: 1
A12: lilac | B12: =C12*(1+$B$2) -> 3 | C12: =AVERAGE(D12:E12) -> 2 | D12: 1 | E12: 3 | F12: 0 | G12: =(I12)+(J12*$J$2)+(M12*$M$2)+(P12*$P$2)+(S12*$S$2)+(V12*$V$2)+(Y12*$Y$2)+(Z12*$Z$2)+(AA12*$AA$2)+(AB12*$AB$2)+(AC12*$AC$2) -> 0 | H12: =SUM(F12,-G12) -> 0 | J12: 0 | K12: =J12*C12 -> 0 | L12: =J12*B12 -> 0 | M12: 0 | N12: =M12*C12 -> 0 | O12: =M12*B12 -> 0 | Q12: =P12*C12 -> 0 | R12: =P12*B12 -> 0 | S12: 0 | T12: =S12*C12 -> 0 | U12: =S12*B12 -> 0 | V12: 0 | W12: =V12*C12 -> 0 | X12: =V12*B12 -> 0 | Y12: 0 | Z12: 0 | AA12: 0 | AB12: 0 | AC12: 0
A13: dogwood branch | B13: =C13*(1+$B$2) -> 2.25 | C13: =AVERAGE(D13:E13) -> 1.5 | D13: 1.5 | F13: 0 | G13: =(I13)+(J13*$J$2)+(M13*$M$2)+(P13*$P$2)+(S13*$S$2)+(V13*$V$2)+(Y13*$Y$2)+(Z13*$Z$2)+(AA13*$AA$2)+(AB13*$AB$2)+(AC13*$AC$2) -> 0 | H13: =SUM(F13,-G13) -> 0 | J13: 0 | K13: =J13*C13 -> 0 | L13: =J13*B13 -> 0 | M13: 0 | N13: =M13*C13 -> 0 | O13: =M13*B13 -> 0 | Q13: =P13*C13 -> 0 | R13: =P13*B13 -> 0 | S13: 0 | T13: =S13*C13 -> 0 | U13: =S13*B13 -> 0 | V13: 0 | W13: =V13*C13 -> 0 | X13: =V13*B13 -> 0 | Y13: 1 | Z13: 1 | AA13: 1 | AB13: 1 | AC13: 1
